도서관명,주소,전화번호
BIBLIOTECA,서울특별시 강남구 도산대로 25길 15-4 1층,
LH강남3단지작은도서관,서울특별시 강남구 자곡로3길 22 ,02-459-8700
休+밤토리SH작은도서관,"서울특별시 강남구 밤고개로26길 50(율현동, 강남한신휴플러스6단지)",02-2226-7942
강남구립못골도서관,서울특별시 강남구 자곡로 116,02-459-5522
강남데시앙파크작은도서관,서울특별시 강남구 헌릉로590길 63 데시앙파크도서관,02-451-7070
강남역삼푸른솔도서관,서울특별시 강남구 테헤란로8길 36. 4층,02-2051-1178
강남한신휴플러스8단지작은도서관,"서울특별시 강남구 밤고개로27길 20(율현동, 강남한신휴플러스8단지) ",02-445-9831
강남한양수자인작은씨앗도서관,서울특별시 강남구 자곡로 260,
개포4동작은도서관,서울특별시 강남구 개포로38길 12 개포4동주민센터 ,02-3423-7884
개포하늘꿈도서관,서울특별시 강남구 개포로 110길 54,02-451-1511
국립어린이청소년도서관,서울특별시 강남구 테헤란로7길 21,02-3413-4800
꿈꾸는작은도서관,서울특별시 강남구 자곡로3길 21 ,02-445-0955
꿈밭작은도서관,서울특별시 강남구 자곡로 204-19 2층,02-3462-9962
남서울중앙교회작은도서관,서울특별시 강남구 삼성로 40(개포동) 1층,02-3411-9191
논현도서관,서울특별시 강남구 학동로43길 17(논현동) 논현2동주민센터 6층,02-3443-7650
논현정보도서관,서울특별시 강남구 학동로 169 3층,02-511-7466
다움영어도서관,서울특별시 강남구 개포로 124길 7 다움영어 작은도서관,02-445-0714
대치1동작은도서관,서울특별시 강남구 남부순환로 391길 19 대치1문화센터 지하1층,02-3452-1170
대치도서관,서울특별시 강남구 삼성로 212 은마아파트 복지상가 2층 215호,02-565-6666
데시앙숲속작은도서관,서울특별시 강남구 광평로 34길 55 강남데시앙포레아파트,02-445-4301
도곡2동작은도서관,서울특별시 강남구 남부순환로378길 34-9 도곡2동주민센터 ,02-3423-7584
도곡정보문화도서관,서울특별시 강남구 도곡로18길 57,1644-3227
래미안포레작은도서관,서울특별시 강남구 밤고개로 21길 25 ,02-3414-0919
루디아영어어린이도서관,"서울특별시 강남구 헌릉로 569, 802호(세곡동) 강남리더스빌딩 802호",070-7092-8315  
못골한옥어린이도서관,서울특별시 강남구 자곡로7길 3 ,02-2226-5930
브리즈힐도서관,서울특별시 강남구 자곡로 3길 45,02-445-3062
사피엔스 작은도서관,서울특별시 강남구 삼성로 720 청담동천주교회,02-3447-0750
삼성도서관,서울특별시 강남구 봉은사로 616 삼성1동주민센터 동관 4층,02-568-9984
삼성서울병원의학정보센터,서울특별시 강남구 일원로 81 삼성서울병원 별관 지하 3층,02-3410-3939
서울특별시교육청강남도서관,서울특별시 강남구 선릉로116길 45,02-3448-4741~5
서울특별시교육청개포도서관,서울특별시 강남구 선릉로4길 30,02-3460-8200
세곡도서관,서울특별시 강남구 밤고개로 286 세곡동주민센터,02-445-0297
세곡리엔파크1단지아파트 SH도서관,"서울특별시 강남구 헌릉로 590길 100, 관리동2층(세곡동) ",02-445-9441
세곡마루도서관,서울특별시 강남구 헌릉로 590길 68 세곡커뮤니티센터 2층,02-2176-0634
수서동작은도서관,서울특별시 강남구 광평로 301-4 수서동주민센터 ,02-3423-8584
숲도서관,서울특별시 강남구 개포로264,02-2058-0929
신사동작은도서관,서울특별시 강남구 압구정로 128 신사동주민센터 ,02-3423-7334
아름다운도서관,서울특별시 강남구 삼성로70길 4 지하1층,070-5135-1385
압구정동작은도서관,서울특별시 강남구 압구정로33길 48 압구정동주민센터,02-3423-7634
역삼2동작은도서관,서울특별시 강남구 언주로 314 강남프라자 2층,02-567-0930
역삼도서관,"서울특별시 강남구 역삼로7길 16, 5층",02-508-1139
열린도서관,서울특별시 강남구 일원로 115 삼성생명빌딩 B동 203호,02-3412-3970
영롱 농문화 도서관,서울특별시 강남구 양재대로 55길 6(일원동) 수서1단지 아파트 상가 204호,
이편한세상도서관,서울특별시 강남구 헌릉로 571길 20 ,02-3411-9245
일원1동작은도서관,서울특별시 강남구 양재대로55길 14 일원1동 주민센터,02-3423-8384
일원라온영어도서관,서울특별시 강남구 영동대로 22 B1(일원동 743),02-6712-0595
일원본동작은도서관,서울특별시 강남구 광평로 126 일원본동주민센터 ,02-3423-8284
작은서관,서울특별시 강남구 영동대로 22 디에이치자이개포생활지원센터,
정다운도서관,서울특별시 강남구 학동로67길 11 3층,02-512-9326
즐거운도서관,서울특별시 강남구 도곡로77길 23 4층,02-565-7533
청담도서관,서울특별시 강남구 압구정로79길 26 청담주민센터 7층,02-540-7042
통계청나라셈도서관,서울특별시 강남구 언주로 721(논현동) 서울세관 별관 4층,02-3438-8502
푸르지오책사랑,서울특별시 강남구 자곡로 21 세곡LH푸르지오 아파트,070-8766-4219
피치서가,서울특별시 강남구 논현로 168길 39 2층,02-3789-0419
하상시각장애인도서관,서울특별시 강남구 개포로 613 하상장애인복지회관,02-451-6000
하음작은도서관,서울특별시 강남구 개포로25길 5 B1,02-577-4874
한국고등교육재단정보자료실,서울특별시 강남구 테헤란로 211 한국고등교육재단 지하3층,02-554-3512
한국무역협회정보자료실,서울특별시 강남구 영동대로 511 무역센터 트레이드타워 603호,02-6000-5109
한국문학번역원번역전문도서관,서울특별시 강남구 영동대로112길 32,02-6919-7755
한국지식재산연구원지식재산전문도서관,"서울특별시 강남구 테헤란로 131, 한국지식재산센터 3층",02-2189-2681~2
행복한도서관,서울특별시 강남구 영동대로65길 24(대치2문화센터 3층),02-567-3833
힐즈도서관,서울특별시 강남구 자곡로 101 강남힐즈아파트,02-3414-0400
SH 숨터작은도서관,"서울특별시 강동구 아리수로93가길 77(강일동, 강동리버스트6단지)",
가람슬기작은도서관,"서울특별시 강동구 강동대로53길 76, (성내동) 성내3동주민센터 1층",02-474-4030
강동구립강일도서관,서울특별시 강동구 아리수로 93길 9-14,02-427-7676
강동구립도서관,서울특별시 강동구 동남로 870(상일동) 강동문화재단,02-2045-7915
강동구립둔촌도서관,서울특별시 강동구 동남로49길 21-8,02-489-6557
강동구립성내도서관,서울특별시 강동구 성안로 106-1,02-471-1071
강동구립암사도서관,서울특별시 고덕로 20길 42 (암사동 471-37),02-429-0476
강동구립천호도서관,서울특별시 강동구 성안로 31마길 1(천호3동 제2공영주차장 지상 2층),02-488-7223
강동구립해공도서관,서울특별시 강동구 올림픽로 702,02-478-9656
강동성심병원의학도서실,서울특별시 강동구 성안로 150 강동성심병원 제2별관 교육연구관 5층,02-2224-2172
강동육아누리도서관,서울특별시 강동구 상암로 168 강동구민회관 2층 2층,02-487-3516
강빛 은하수 작은도서관,"서울특별시 강동구 아리수로 93나길 88, 808동",
강일1단지작은도서관,서울특별시 강동구 아리수로 93가길25 관리동 2층,02-427-0051
강일리버파크6단지책향기작은도서관,서울특별시 강동구 아리수로94길 19 강일리버파크6단지아파트 관리사무소 2층 ,02-426-6649
게냇골작은도서관,서울특별시 강동구 구천면로 633(상일동) 상일동 주민센터 2층 ,02-428-7041
고덕리엔파크3단지SH작은도서관,서울특별시 강동구 상일로 74 고덕리엔파크3단지아파트 315동 1층 ,070-4234-0490
글고운작은도서관,"서울특별시 강동구 성내로 13, 2층(성내동) 성내1동 주민센터 1층",02-475-5156
글마루작은도서관,"서울특별시 강동구 아리수로78길 43-12, 2층(고덕동) 고덕2동주민센터 2층",070-8153-0560
글익는작은도서관,"서울특별시 강동구 고덕로 137, 3층(암사동) 암사3동주민센터 3층",02-428-1643
글향기작은도서관,"서울특별시 강동구 구천면로42길 59, 2층(천호동) 천호1동주민센터 2층",02-470-3613
꿈누리작은도서관,서울특별시 강동구 동남로 83길 87(고덕동) 1층,02-426-9469
늘솔길작은도서관,"서울특별시 강동구 양재대로156길 123, 5층(고덕동) 고덕1동주민센터 5층",02-429-0423
다온북카페작은도서관,"강동구 양재대로 124길 25, 301호(길동)",
더숲작은도서관,서울특별시 강동구 풍성로35길 19,
도담도담북카페,"서울특별시 강동구 양재대로138길 37, 1층(명일동) 명일1동주민센터 1층",02-427-2152
도로롱 작은도서관,서울특별시 강동구 고덕로98길 160 강동리엔파크 14단지 1401동 1층,
또바기작은도서관,서울특별시 강동구 아리수로98길 25(강일동) 2층,02-3427-0007
래미안힐스테이트고덕작은도서관,서울특별시 강동구 아리수로 50길 50 304동 1층,070-4640-4583
롯데캐슬도서관,서울특별시 강동구 고덕로 131 강동롯데캐슬퍼스트아파트 관리동 지하1층 ,070-8702-1899
루르드의작은도서관,서울특별시 강동구 고덕로 476 1층,02-442-1244
명성교회도서관,서울특별시 강동구 상암로51길 8,02-440-9140
반딧불 북카페작은도서관,"서울특별시 강동구 천호대로 1183 2층(길동, 길동복합청사)",02-474-5157
반석도서관,서울특별시 강동구 천중로49길 32-10 1층,
부엉이작은도서관,"서울특별시 강동구 진황도로23길 7, 2층(천호동) 천호3동주민센터 1층",02-470-3027
북카페도서관 길동점,서울특별시 강동구 양재대로1548 3층,070-4289-1330
북카페도서관 다독다독 1호점,"서울특별시 강동구 양재대로 1419, 2층(성내동) 2층",070-7767-0120
북카페도서관 다독다독 강일점,서울특별시 강동구 아리수로93가길 110(강일동),070-7709-7089
북카페도서관 다독다독 고덕점,서울특별시 강동구 동남로82길 127,070-4923-5288
북카페도서관 다독다독 고분다리시장점,서울특별시 강동구 구천면로34길 16(천호동) 1층,070-7767-0170
북카페도서관 다독다독 암사시장점,서울특별시 강동구 올림픽로98길 15 7층,070-7767-0200
상상마루작은도서관,서울특별시 강동구 상일로 152 고덕리엔1단지 107동 1층 ,02-481-4589
서울특별시교육청강동도서관,서울특별시 강동구 양재대로116길 57,02-2225-9800~3
서울특별시교육청고덕평생학습관,서울특별시 강동구 고덕로 295 (고덕2동 296),02-6902-2600
서원마을작은도서관,"서울특별시 강동구 올림픽로 936, 2층(암사동) 마을회관 2층",070-8825-1410
성가정 작은도서관,서울특별시 강동구 고덕로83길 68,02-429-3420
성내PLUS작은도서관,서울특별시 강동구 성내로3길18 지하1층,070-8812-0124
솔향기북카페,"서울특별시 강동구 고덕로97길 20, 관리사무소 2층(강일동) 관리동 2층",02-427-6695
아람작은도서관,"서울특별시 강동구 양재대로84길 31,  2층 (둔촌동)","02-475-9948, 070-8151-971"
아빠하우스작은도서관,서울특별시 강동구 아리수로93나길 60 골드프라자 505호,02-486-7785
안말작은도서관,"서울특별시 강동구 풍성로37가길 62, (성내동) 성내2동주민센터 2층",02-488-2392
엘림작은도서관,서울특별시 강동구 천호대로 1095(천호동) 511호,
열매작은도서관,"서울특별시 강동구 아리수로93가길 70(강일동, 강동리버스트7단지)",
옹기종기작은도서관,"서울특별시 강동구 양재대로1512, 2층",070-8118-3474
우리역사문화도서관,"서울특별시 강동구 진황도로 145(둔촌동, KNP주상복합)",
작은도서관 웃는책,"서울특별시 강동구 구천면로42길 60(천호동) 1,2층",02-478-8600
좋은땅꿈나책작은도서관,"서울특별시 강동구 풍성로37가길 58, 지하1층",070-4422-6911
주영광작은도서관,"서울특별시 강동구 양재대로115길 28, (길동) 3층",02-489-5259
채우리작은도서관,"서울특별시 강동구 고덕로24길 49, 1층(암사동) 암사1동자치회관 1층",02-481-6152
책꾸러미작은도서관,"서울특별시 강동구 상암로 260, 2층(명일동) 명일2동주민센터 2층",02-442-3982
초대구름도서관,서울특별시 강동구 상암로 27나길 13 2층,02-477-1004
파랑새작은도서관,"서울특별시 강동구 천호대로186길 7, 1층(둔촌동, 둔촌2동주민센터) 둔촌2동주민센터 1층",02-489-2666
한국시각장애인복지재단점자도서관[이동도서관],서울특별시 강동구 구천면로 645 한국시각장애인복지관,02-440-5201
한국점자도서관,서울특별시 강동구 상암로4가길 32 암사2동새마을문고,02-3426-7411~4
함께크는우리,서울특별시 강동구 고덕로61길 104(고덕동) 2층,02-428-4686
해오름작은도서관,"서울특별시 강동구 상암로3길 28, 2층(암사동) 암사2동주민센터 2층",02-3426-3070
햇살작은도서관,"서울특별시 강동구 천중로17길 42-16, 2층(천호동, 천호2동자치회관) 2층",02-471-4192
행복책방sh작은도서관,서울특별시 강동구 고덕로97길 100(강일동) 1104동 1층,02-442-9660
허브작은도서관,서울특별시 강동구 천호대로200길 15-12(둔촌동) 1층,02-417-0405
희망샘작은도서관,서울특별시 강동구 풍성로35길 53(성내동)  602호,02-484-1149
CMS영어작은도서관,서울특별시 강북구 삼양로74길 70 2층,
강북문화정보도서관,서울특별시 강북구 오현로 145,02-944-3100
강북청소년문화정보도서관,서울특별시 강북구 삼양로54길 68,02-944-3140
겨자씨작은도서관,서울특별시 강북구 삼양로 27길 35 삼양제일교회 ,02-988-0531
국립재활원재활연구소도서실,서울특별시 강북구 삼각산로 58 국립재활원 재활연구소 3층,02-901-1647
꼴찌만화방작은도서관 ,서울특별시 강북구 덕릉로 19-1 2층,
꿈꾸는문고,서울특별시 강북구 삼각산로 140 4층 ,070-4249-7091
꿈이익어가는작은도서관,서울특별시 강북구 삼양로 106-1 1층,
꿈익는책마을어린이도서관,서울특별시 강북구 삼양로47길 9 삼양동 종합복지센터 2층,02-945-1305
다솔작은도서관,서울특별시 강북구 인수봉로 12 2층,02-988-5027
닻별작은도서관,서울특별시 강북구 오현로32길 30-16 103호,02-6494-1098
동은작은도서관,서울특별시 강북구 4.19로13길 4 4층,
미아동새마을문고,서울특별시 강북구 솔매로 49길 14 미아동주민자치센터 2층,02-3778-4069
미아문화정보도서관,서울특별시 강북구 솔매로49길 14,02-944-3180
밝은작은도서관,서울특별시 강북구 삼양로 19길 74 엄마손마트 지하,02-980-7798
번1동새마을문고,서울특별시 강북구 덕릉로 41길 74 번1동주민센터 3층,02-3778-4267
번2동새마을문고,서울특별시 강북구 한천로 897 번2동주민센터 2층,02-3778-4319
번3동새마을문고,서울특별시 강북구 한천로 105길 21 번3동주민센터 2층,02-3778-4367
번동꿈나무작은도서관,서울특별시 강북구 오현로31길 21 201호(번동),
별빛초롱문고,서울특별시 강북구 삼각산로 157 2층 ,02-994-1318
북한산둘레길북카페,서울특별시강북구 4.19로 28길 10 북한산둘레길 북카페,02-940-3754
빨래골 작은도서관,서울특별시 강북구 삼양로77가길 36 302호,02-988-5027
삼각산동새마을문고,서울특별시 강북구 솔샘로 174(미아동) SK 아파트 제 1관리사무소 1층,070-8825-0858
삼각산어린이도서관,서울특별시 강북구 삼양로19길 34,02-944-3190
삼양동새마을문고,서울특별시 강북구 삼양로 268 삼양동주민센터 2층,02-3778-4042
성바오로딸수도회도서관,서울특별시 강북구 오현로7길 34 성바오로딸수도회,02-944-0800
솔샘문화정보도서관,서울특별시 강북구 솔샘로 177,02-944-3150
송중동새마을문고,서울특별시 강북구 오패산로 162 송중동 주민센터 3층,02-3778-4119
송중문화정보도서관,서울특별시 강북구 도봉로20나길 6,02-944-3160
송천동새마을문고,서울특별시 강북구 솔샘로 284 송천동주민센터 2층,02-3778-4168
송천북카페,서울특별시 강북구 숭인로 39 (송천센트레빌) 461,02-989-6517
수유1동새마을문고,서울특별시 강북구 삼양로 299 수유1동 주민센터 2층,02-3778-4466
수유2동새마을문고,서울특별시 강북구 한천로 1117 수유2동주민센터 2층,02-3778-4719
수유3동새마을문고,서울특별시 강북구 노해로 36 수유3동주민센터 2층,02-3778-4768
수유마을작은도서관,서울특별시 강북구 도봉로 71길 26 2층,02-988-0304
수유문화정보도서관,서울특별시 강북구 삼양로 299,02-944-3170
씽크엘작은도서관,서울특별시 강북구 삼양로 54길 92 1층,02-981-4620
옹달샘 작은도서관,서울특별시 강북구 도봉로13길 78 지하1층,
우리동네작은도서관,서울특별시 강북구 덕릉로40다길 13 번동제일교회 선교 교육관 2층 526-59,070-4200-0140
우이동새마을문고,서울특별시 강북구 삼양로 139길 49 우이동주민센터 2층,02-3778-4918
인수동새마을문고,서울특별시 강북구 인수봉로 255 인수동주민센터 2층,02-3778-4965
작은도서관두루,서울특별시 강북구 삼양로 73길 23 2층,02-901-0239
작은도서관책이랑놀자,서울특별시 강북구 삼양로 79길 19-3 수유동,02-903-6604
작은도서관함께놀자,"서울특별시 강북구 인수봉로72길 4(수유동, 극동아파트) 상가 13동 3층 2호 ",02-999-2207
지혜어린이도서관,서울특별시 강북구 도봉로65길 35 3층,02-987-5100
트리베라1차 작은도서관,서울특별시 강북구 삼양로19길 25 삼성래미안트리베라1차 아파트 관리사무소,02-946-1858
푸른별환경도서관,서울특별시 강북구 삼양로51길 22 양지마을사랑채 1층(미아동),02-766-0626
하늘을 나는 작은도서관,서울특별시 강북구 한천로124나길 27 지층 101동,
한국산악도서관,서울특별시 강북구 삼양로 660 지층,02-992-1945
한누리 작은도서관,서울특별시 강북구 인수봉로 243 지층,02-981-2519
행복숲작은도서관,서울특별시 강북구 도봉로76길 56 2층 202호,
5세대sf작은도서관,서울특별시 강서구 공항대로 103 마곡엠밸리9단지상가 403호,
e편한세상염창작은도서관,서울특별시 강서구 공항대로 583 관리동,02-2668-9916
가람작은도서관,서울특별시 강서구 양천로57길 36 가양5종합사회복지관 ,02-2668-4603
가양9-1단지작은도서관,"서울특별시 강서구 허준로224, 관리동 2층 ",02-2668-9155
가양도서관,서울특별시 강서구 양천로61길101(가양동 1493),02-3665-8797
강서영어도서관,서울특별시 강서구 곰달래로57가길 26,02-2061-2270
강서점자도서관,서울특별시 강서구 공항대로 206   801~803호,"02-2661-2278,2291"
곰달래도서관,"서울특별시 강서구 강서로5길 50 (곰달래문화복지센터 5, 6층)",02-2065-3785
공룡어린이도서관,서울특별시 강서구 까치산로 144 꿈이있는어린이도서관 강남교회,02-2601-5233
국립국어원자료실,"서울특별시 강서구 금낭화로 154, 3층",02-2669-9758
글고운SH작은도서관,"서울특별시 강서구 공항대로 124, 1102동 1층 ",070-8917-4505
글마루SH작은도서관,서울특별시 강서구 마곡서1로 146 ,02-2064-0341
글벗누리작은도서관,서울특별시 강서구 방화대로 330 방화1동주민센터 2층 2,02-2600-7962
길꽃어린이도서관,서울특별시 강서구 금낭화로24길 5,02-2663-4764
꿀단지작은도서관,서울특별시 강서구 마곡서1로 132(마곡엠밸리 3단지) 관리동 2층,
꿈꾸는어린이도서관,서울특별시 강서구 공항대로 615,02-3663-4025
꿈나래작은도서관,"서울특별시 강서구 양천로47가길 25-10, 양천교회",02-2658-1472
꿈빛작은도서관,"서울특별시 강서구 공항대로 140, 1203동 1층 ",070-8804-6677
꿈자람책놀이터작은도서관,서울특별시 강서구 개화동로 21길 4 방화11단지아파트 종합사회복지관,070-5153-8240
꿈터작은도서관,서울특별시 강서구 곰달래로 79 화곡1동주민센터 3층,02-2600-7515
나무그늘작은도서관,서울특별시 강서구 마곡서1로 100 2층,02-2663-7235
나인북스SH작은도서관,서울특별시 강서구 공항대로 103 마곡엠밸리9단지 905동 1층,02-2666-2806
나팔부는작은도서관,서울특별시 강서구 마곡중앙로 33 관리동 2층,02-2664-3320
내발산작은도서관,서울특별시 강서구 강서로52길 89 내발산동문화센터 5층,02-2600-7756
다빈작은도서관,"서울특별시 강서구 마곡서로 168, 럭스나인오피스텔L동 205호",02-6014-0691
다솜SH작은도서관,서울특별시 강서구 마곡서1로 131 2층 ,
도란도란쉼터작은도서관,서울특별시 강서구 허준로 30 가양1동주민센터 2층,02-2600-7778
도리샘작은도서관,서울특별시 강서구 허준로 202 가양3동주민센터 2층,02-2600-7856
두란노도서관,서울특별시 강서구 화곡로63길 65 12층,02-2657-9746
등마루골작은도서관,서울특별시 강서구 등촌로 143 등촌2동주민센터 2층,02-2600-7381
등불작은도서관,서울특별시 강서구 강서로 29길 20 다솜B 등불작은도서관,02-2691-1004
등빛도서관,서울특별시 강서구 강서로62길 48,02-3664-6990
등촌아이파크도서관,서울특별시 강서구 등촌로 163 등촌아이파크아파트 ,02-2654-5542
람원문고,서울특별시 강서구 까치산로 164,02-2605-2599
로뎀북카페작은도서관,서울특별시 강서구 양천로24길 31(방화동),
마곡엠밸리5단지SH작은도서관,서울특별시 강서구 마곡서1로 111-11 마곡엠밸리5단지SH작은도서관,070-4277-9766
많은샘작은도서관,서울특별시 강서구 양천로 75길 13 2층,070-4642-5527
발음작은도서관,서울특별시 강서구 강서로47나길 35 발음교회 ,02-2662-1372
방그리나작은도서관,서울특별시 강서구 금낭화로24길 5 방화3동주민센터 2층,02-2600-5267
배다리작은도서관,서울특별시 강서구 곰달래로25길 45 화곡8동주민센터 2층,02-2600-7701
볏고을작은도서관,서울특별시 강서구 곰달래로 57가길 26 화곡4동주민센터 2층,02-2061-2275
봉제산책쉼터,서울특별시 강서구 초록마을로 69-9,02-2600-4294
새싹작은도서관,"서울특별시 강서구 수명로2길 105, 514동 1층 ",02-2667-5118
생각열매작은도서관,서울특별시 강서구 공항대로53가길55 등촌1동주민센터 2층 ,02-2600-7356
서울특별시교육청강서도서관,서울특별시 강서구 등촌로51나길 29,02-3219-7000
솔뫼작은도서관,"서울특별시 강서구 가로공원로77길 30, 솔뫼공원경로당 2층",02-2690-2468
송정작은도서관,서울특별시 강서구 송정길 45 공항동주민센터 2층,02-2600-7932
수명산작은도서관,서울특별시 강서구 수명로 1길 131 내발산동공공기숙사 지하 1층 ,02-2666-0037
승리행복작은도서관," 서울특별시 강서구 곰달래로 220, (화곡동) 301호",02-2602-0506
아리향기작은도서관,서울특별시 강서구 양천로67가길 63 염창동주민센터2층,02-2600-7326
아이편한작은도서관,서울특별시 강서구 강서로 266 우장산아이파크이편한세상,02-2602-9443
어울림작은도서관,"서울특별시 강서구 마곡중앙1로 72(마곡동, 마곡10단지) ",02-2666-9606
역마을작은도서관,서울특별시 강서구 화곡로 312 화곡6동주민센터 2층,02-2600-7660
염창작은도서관,"서울특별시 강서구 공항대로75길 30, 상가동 301호 ",02-6449-2025
예뜰작은도서관,서울특별시 강서구 강서로17길 133 진성빌딩 예뜰문고,02-2698-5006
예인작은도서관,서울특별시 강서구 방화대로 34길 120 201호 신안빌라상가,02-2605-0682
옹기종기작은도서관,서울특별시 강서구 공항대로 61길 50 염창지역정보센터 내 2층,02-2600-7324
옹달샘작은도서관,서울특별시 강서구 곰달래로37길 13 화곡2동주민센터 2층,02-2600-7545
우리작은도서관,서울특별시 강서구 방화대로6라길 26 2층,02-2662-3927
우장산숲속도서관,서울특별시 강서구 우현로 34,02-2696-6690
작은뜰작은도서관,서울특별시 강서구 마곡서로 175 작은뜰작은도서관,070-8866-7785
좋은친구어린이도서관,서울특별시 강서구 방화대로6나길 28 한사랑교회 2층,02-2662-8326
채움작은도서관,서울특별시 강서구 개화동로23길20 방화2동주민센터 2층,02-2600-5225
책마당SH작은도서관,서울특별시 강서구 허준로 176(가양8단지),02-2668-9000
책마루작은도서관,서울특별시 강서구 강서로33가길 17 화곡3동주민센터 2층,02-2600-7577
책향기작은도서관,서울특별시 강서구 강서로47길 54 발산1동주민센터 2층,02-2600-7979
천사작은도서관,서울특별시 강서구 마곡서로 133 705동 3층,070-5138-5860
초록동작은도서관,"서울특별시 강서구 초록마을로 14길 36, 2층 초록동 경로당 2층",02-2065-7670
초록향기작은도서관,서울특별시 강서구 초록마을로5길 29 화곡본동주민센터 2층,02-2600-7474
큰마음작은도서관,서울특별시 강서구 화곡로63길 96 등촌3동주민센터 2층,02-2600-7448
푸른들청소년도서관,서울특별시 강서구 강서로45다길 71,02-2691-1630
하늘꿈작은도서관,서울특별시 강서구 강서로45나길 19-30 내발산동근린생활시설 하늘꿈작은도서관,02-2664-3126
하늘뜰작은도서관,"서울특별시 강서구 마곡중앙1로 71(마곡동, 마곡힐스테이트) 1311동",02-3664-7070
한국관세무역개발원자료실,"서울특별시 강서구 마곡중앙5로 22, 7층",02-3416-5111
한국문화관광연구원정책자료실,서울특별시 강서구 금낭화로 154,02-2669-9818
해뜰작은도서관,"서울특별시 강서구 방화대로 48길 40, 방화2 종합사회복지관 방화2종합사회복지관 3층",02-2662-6669
허준마을작은도서관,서울특별시 강서구 허준로 93 가양2동주민센터 2층,02-2600-7813
화곡푸르지오도서관,서울특별시 강서구 화곡로13길 107 화곡푸르지오 도서관,02-2691-6104
환원어린이작은도서관,서울특별시 강서구 금낭화로26가길 120 지온보육원 강서지역아동복지센터 ,02-2662-3485
희망문고,서울특별시 강서구 화곡로 18길 30-11 원흥타운 207호 ,02-2690-0511
고맙습니다하난곡작은도서관,"서울특별시 관악구 난우10가길 20-7 하난곡어린이집 2,3층",02-868-8994
관악중앙도서관,서울특별시 관악구 신림로 3길 35,02-828-5700
관악파크푸르지오 작은도서관,서울특별시 관악구 행운10길 21,
국제백신연구소자료실,서울특별시 관악구 관악로 1 서울대학교 연구공원 내,02-872-2801(내선108)
그림숲 그림책작은도서관,서울특별시 관악구 청룡9길 12-39 청룡동자치회관 1층,02-876-4041
글빛정보도서관,서울특별시 관악구 관악로 30길 23,02-878-7460
꿈꾸는작은도서관,서울시 관악구 광신길 115 2층,
꿈마을도서관,서울특별시 관악구 중앙2길 16 2층,02-886-3196
나들목 작은도서관(좋은만남교회),서울특별시 관악구 남부순환로172길 63 좋은만남교회,
낙성대공원도서관,서울특별시 관악구 낙성대로 77 낙성대공원 내,02-872-5575
낙성대동우듬지작은도서관,서울특별시 관악구 낙성대로4가길 5 낙성대동주민센터 4층 ,02-876-4072
난곡동책사랑작은도서관,서울특별시 관악구 난곡로30길 40 난곡동주민센터3층 ,02-861-7130
난곡주민도서관새숲,서울특별시 관악구 난향5길 2 난향꿈둥지 2~3층,02-839-1121
난향동뜰안에작은도서관,서울특별시 관악구 난곡로 67 난향동주민센터 4층,02-867-1735
남현동우리작은도서관,서울특별시 관악구 남현1가길 29 남현동복합청사 3층,02-525-1334
대학동녹두작은도서관,서울특별시 관악구 신림로 111 대학동주민센터 2층 ,02-872-4765
램영어도서관,서울특별시 관악구 난곡로 71,02-855-9191
문성작은도서관,서울특별시 관악구 신림로 58길 13 문성교회,02-886-5879
미성동책의향기작은도서관,서울특별시 관악구 난곡로 249 미성동주민센터 3층 ,02-830-5312
발효 작은도서관,서울특별시 관악구 남부순환로 1794 4층 401호,
별별창작꿈터 봉현작은도서관,서울특별시 관악구 관악로 255-7 성현동자치회관 1층,070-7163-5167
보라매동다사랑작은도서관,서울특별시 관악구 봉천로 279-8 보라매동주민센터 2층 2,02-876-2879
블루밍문고,서울특별시 관악구 은천로 93 벽산블루밍아파트관리사무소,02-877-9864
사랑기쁨도서관,서울특별시 관악구 난향길 10 3층,02-877-9864
삼성동샛별작은도서관,서울특별시 관악구 호암로 589 삼성동주민센터 3층 ,02-876-2063
삼성작은도서관,서울특별시 관악구 호암로 520 삼성동자치회관 1층 ,070-7163-5166
서림동글사랑작은도서관,서울특별시 관악구 신림로29길 6 주민센터 2층 ,02-884-3951
서울대학교박물관도서자료실,서울특별시 관악구 관악로 1 서울대학교 박물관 내,02-880-8096
서원동어울작은도서관,서울특별시 관악구 신림로 282 서원동주민센터 2층 ,02-872-5322
성현동작은도서관,서울특별시 관악구 관악로37길 56 동아아파트 상가B동 5층,02-877-7182-3
성현동파랑새작은도서관,서울특별시 관악구 구암길 38 성현동주민센터 2층 ,02-875-9054
숲속작은도서관,서울특별시 관악구 관악산나들길 114(신림동) 관악산 제1광장 산50-2,070-4118-6154
"쉼, 작은도서관",서울특별시 관악구 남부순환로145길 11,
신림동굴렁쇠작은도서관,서울특별시 관악구 신림동길 14 신림동주민센터 2층 ,02-877-2727
신림푸르지오도서관,서울특별시 관악구 남부순환로 1430 신림푸르지오아파트 1730,02-830-1554
신사동해오름작은도서관,서울특별시 관악구 조원로 151-1 신사경로당 3층 ,02-853-7336
신원동울타리작은도서관,서울특별시 관악구 신원로3길 13 신원동주민센터2층,02-839-1547
실로암점자도서관,서울특별시 관악구 남부순환로 1717,02-880-0500
안디아모작은도서관,서울시 관악구 관악로 12길97 2층,
용꿈꾸는작은도서관,서울특별시 관악구 관악로 145 관악구청 본관 1층 (청룡동 1570-1) 1층,02-889-8823~5
우듬지작은도서관,서울특별시 관악구 관악로 223,
은천2단지작은도서관,서울특별시 관악구 인헌12길 46-1 (은천2단지아파트) 2층,02-887-3168
은천동작은도서관,서울특별시 관악구 봉천로33나길 30,02-877-1162-4
은천동한울작은도서관,"서울특별시 관악구 국회단지2길 29-10, 은천동자치회관 2층 ",02-876-4091
이편한세상 서울대입구1단지 작은도서관,서울특별시 관악구 청룡10길45 102동,
이편한세상 서울대입구2단지 작은도서관,서울특별시 관악구 청룡16길43 202동,
인헌동보물섬작은도서관,서울특별시 관악구 남부순환로246가길 20 인헌동주민센터 2층 ,02-889-4941
조원도서관,서울특별시 관악구 조원로12길 25,02-851-5571-2
중앙동새싹작은도서관,서울특별시 관악구 양녕로6다길 7 중앙동주민센터 1층 ,02-875-9513
책 N 꿈 도서관,서울특별시 관악구 남부순환로1989,
책쉼터,서울특별시 관악구 낙성대로3길 37 관악구민종합체육센터 2층 223-9 2층,02-879-5712
책이랑놀이랑도서관,서울특별시 관악구 행운1길 12 신창문화복지센터 2층 1675-12 신창문화복지센터 2층 ,02-878-0955
청룡동숯고을작은도서관,서울특별시 관악구 쑥고개로 44 청룡동주민센터 2층 ,02-876-4083
청림동푸른숲작은도서관,서울특별시 관악구 관악로 40길 39 청림동주민센터 3층 ,02-876-4090
푸른나무작은도서관,서울특별시 관악구 남부순환로 1978-1 지하,
푸른들작은도서관,서울시 관악구 청림2길16 1층,
한울타리도서관,서울특별시 관악구 인헌12길 46-2 은천아파트,02-871-2632
행운동마루작은도서관,서울특별시 관악구 행운1길 43 행운동주민센터 2층 ,02-876-3434
광장동새마을작은도서관,서울특별시 광진구 광장로 52 광장동주민센터 2층,02-458-8379
광장현대파크빌도서관,서울특별시 광진구 아차산로 549 현대파크빌아파트관리사무소 1층 ,02-458-7480
광진정보도서관,서울특별시 광진구 아차산로78길 90(광장동),02-3437-5092~5  
구의1동새마을작은도서관,서울특별시 광진구 광나루로36길 56  구의1동주민센터 2층,02-454-2830
구의2동새마을작은도서관,서울특별시 광진구 천호대로136길 55 구의2동주민센터 2층,02-458-1380
구의제3동도서관,서울특별시 광진구 강변역로 17(구의동),02-454-6294
국립정신건강센터의학정보실,서울특별시 광진구 용마산로 127 국립정신건강센터 5층,02-2204-0340
국제문학작은도서관,"서울특별시 광진구 광나루로15길 41, 1층 101호",02-466-7271
군자동도서관,서울특별시 광진구 면목로 13 군자동복합청사 1층,02-2049-2960
군자동새마을작은도서관,서울특별시 광진구 군자로 151 군자동주민센터 3층,02-465-9082
능동새마을작은도서관,서울특별시 광진구 천호대로112길 55 능동주민센터 1층,02-453-6525
더바움문화예술작은도서관,서울특별시 광진구 구의로 39 지하1층,02-443-6366
사람아이앤지작은도서관,서울특별시 광진구  광진구 자양로 322 3층 (구의동) ,02-823-4514
사하라작은도서관,"서울특별시 광진구 광장로78, 2층(광장동,광성빌딩)",02-453-7068
새빛작은도서관,서울특별시 광진구 아차산로 330(자양동) 1층,02-3436-6852
샘터작은도서관,서울특별시 광진구 용마산로24길 10 1층,
서울물연구원자료실,서울특별시 광진구 천호대로 716-10,02-3146-1715
선린동산작은도서관,"서울특별시 광진구 뚝섬로 43길 14, 3층",
성신비전스쿨작은도서관,서울특별시 광진구 동일로 160(화양동) 성신교회 지하1층,02-463-5959
솔로몬작은도서관,"서울특별시 광진구 용마산로 47, 2층",
아름드리작은도서관,서울특별시 광진구 워커힐로 93 정립회관 본관 2층,02-446-1237
아차산숲속도서관,서울특별시 광진구 영화사로 139,
아차산아래작은도서관놀자,서울특별시 광진구 자양로 50가길 45 2층,02-2272-2011
어린이작은도서관주영심나무,서울특별시 광진구 용마산로1길 91 101호 101호,02-457-8822
예드림작은도서관,서울특별시 광진구 구의강변로 96 현대6차 종합상가 지하 101호,02-6408-0014
운룡도서관,서울특별시 광진구 자양로43길 85 지층,02-454-3431
이룸도서관,서울특별시 광진구 용마산로 49,02-446-0691
자양1동새마을작은도서관,서울특별시 광진구 자양로13길 37 자양1동주민센터 2층,02-446-0135
자양2동새마을작은도서관,서울특별시 광진구 자양로3가길 26 자양2동주민센터 3층,02-498-9963
자양3동새마을작은도서관,서울특별시 광진구 뚝섬로 568 자양3동주민센터 1층,02-458-4525
자양4동새마을작은도서관,서울특별시 광진구 아차산로24길 17 공공힐링센터 3층,02-462-0395
자양전통시장작은도서관,서울특별시 광진구 뚝섬로47길 45-2 고객쉼터 2층,02-6349-0809
자양제4동도서관,서울특별시 광진구 뚝섬로26길 58 (자양동),02-465-0737-8
자양한강도서관,서울특별시 광진구 뚝섬로52길 66(자양동),02-456-0048
중곡1동새마을작은도서관,서울특별시 광진구 긴고랑로12길 49 중곡1동주민센터 2층,02-461-9058
중곡2동새마을작은도서관,서울특별시 광진구 능동로 346 중곡2동주민센터 2층,02-458-7036
중곡3동새마을작은도서관,서울특별시 광진구 동일로76가길 28 중곡3동주민센터 1층,02-462-4916
중곡4동새마을작은도서관,서울특별시 광진구 긴고랑로 131 중곡4동주민센터 1층,02-2201-8509
중곡교회작은도서관,서울특별시 광진구 긴고랑로 36길 56 중곡교회 지층 지하1층,02-452-4985
중곡문화체육센터도서관,서울특별시 광진구 능동로 433 (중곡동),02-3408-4960
평강마을도서관,서울특별시 광진구 자양번영로4길 13(평강침례교회) 2층,02-453-6238
하람도서관,서울특별시 광진구 용마산로 16길 18 1층 102호,02-475-7791
화양동새마을작은도서관,서울특별시 광진구 능동로17길 39 화양동주민센터 3층,02-461-2638
가리봉동도서관,서울특별시 구로구 남부순환로 105길 198 가리봉동자치회관,02-860-2518
개봉2동도서관,서울특별시 구로구 개봉로16가길 17 개봉2동주민센터 ,02-2620-7851
개봉3동도서관,서울특별시 구로구 개봉로3길 47 개봉3동주민센터 2층,02-2620-7852
개봉도서관,서울특별시 구로구 개봉로16길 30-11,02-2689-1695
개봉푸르지오도서관,서울특별시 구로구 남부순환로 775 1층,070-4206-0466
고척1동도서관,서울특별시 구로구 중앙로3길 18-8 고척1동 주민센터,02-2620-7848
고척2동도서관,서울특별시 구로구 중앙로15길 22 고척2동주민센터 ,02-2620-7849
고척교회도서관책마을,서울특별시 구로구 중앙로 79 고척교회 ,02-2686-5871
고척벽산베스트블루밍아파트 ,서울특별시 구로구 고척로 60길 30 관리사무소 2층,02-2066-2954
고척벽산블루밍(아)경로당 작은도서관,서울특별시 구로구 경인로390 벽산블루밍 경로당,02-63634-6233
고척열린도서관,서울 구로구 경인로43길 49,02-2615-2006
광진교회도서실,서울특별시 구로구 개봉로3길 100-10 광진교회,02-2625-0761
구로1동도서관,서울특별시 구로구 구일로4길 57 구로1동주민센터 2층,02-2620-7842
구로2동도서관,서울특별시 구로구 구로동로50길 10 구로2동자치회관 ,02-2620-7843
구로4동도서관,서울특별시 구로구 구로동로28길 94 구로4동주민센터,02-2620-7845
구로5동도서관,서울특별시 구로구 구로중앙로28길 66 구로5동주민센터,02-2620-7846
구로구노동자종합지원센터작은도서관,"서울특별시 구로구 디지털로242, 한화비즈메트로 203호, 213호",02-852-7340
구로구립온누리도서관,"서울특별시 구로구 구로중앙로27나길 9, 4층 (구로초등학교 온누리관)",02-858-9080
구로기적의도서관,서울특별시 구로구 구로중앙로40길 24(신도림동),02-2632-8878
구로꿈나무도서관,"서울특별시 구로구 구로동로26길 54, 2층 (구로구시설관리공단)",02-830-1623
궁동어린이도서관,서울특별시 구로구 오리로 1352,02-2060-8229
그래그래작은도서관,서울특별시 구로구 구일로8길 131 ,0507-1328-3238
글로벌나눔도서관,서울특별시 구로구 경인로 619-30 3층,02-6406-5911
글마루한옥어린이도서관,서울특별시 구로구 고척로27바길 7,02-2615-8200
글초롱작은도서관,서울특별시 구로구 오리로 1102-10 천왕연지타운2단지 관리동 ,070-8635-1668
금강수목원아파트작은도서관,"서울특별시 구로구 오리로 1197, 관리사무소 건물 2층",02-2689-1956
길숲도서관,서울특별시 구로구 신도림로 3길 19 새서울교회,070-8987-6591
꿈꾸는SH작은도서관,서울특별시 구로구 연동로 234 하버라인 2단지 1층,02-2066-1599
꿈꾸는언덕작은도서관(천왕1단지),서울특별시 구로구 천왕로 91 천왕이펜하우스1단지 천왕이펜하우스 1단지 104동 지하층 관리사무소 옆,02-2614-1772
꿈꾸는작은도서관,서울특별시 구로구 도림로 20길 40 ,
꿈나래SH작은도서관,서울특별시 구로구 항동로 72 하버라인 4단지,
꿈마루작은도서관,"서울특별시 구로구 구로중앙로28다길 5, 대신교회 2층",02-863-2998
꿈마을도서관,서울특별시 구로구 디지털로27다길 65,02-830-5807
꿈터작은도서관(천왕이펜6단지),서울특별시 구로구 천왕로 9 천왕이펜하우스 6단지 ,02-6083-2787
단비작은도서관,서울특별시 구로구 고척동 337 3층,02-845-9176
담쟁이넝쿨도서관,서울특별시 구로구 개봉로11길 35-9 영문교회 이심전심마을회관 내,02-2625-9210
도담도담작은도서관,서울특별시 구로구 경인로8길 75 삼천리APT 상가 3층 ,
도토리SH작은도서관,서울특별시 구로구 연동로 191-5 하버라인 11단지 1층,02-2684-0911
둘레길작은도서관(천왕4단지),"서울특별시 구로구 천왕로 29, 408 (천왕이펜하우스4단지) 408동 1층",070-4416-3434
따뜻한마음작은도서관,서울특별시 구로구 신도림로11길8 4층 코딱지도서관 ,02-2068-1388
로즈빌도서관,서울특별시 구로구 경인로 343 (삼환로즈빌) 관리사무소건물 2층,02-2066-9548
마중물도서관,"서울특별시 구로구 부일로 853, 2층(양곡빌딩) 대흥상가 3층",02-6218-7783
몽당연필도서관,서울특별시 구로구 오리로20길 32 평화의교회 평화의 교회,
배고픈사자,서울특별시 구로구 구로동로38길 10 2층 3층,02-855-1211
별빛맞이SH작은도서관,서울특별시 구로구 서해안로 2036 ,02-2611-8087
봄봄작은도서관,서울특별시 구로구 신도림로21길 25 302호,02-865-2587
새광명도서관,서울특별시 구로구 개봉로18길 39 새광명교회 ,02-2060-9009
서남작은도서관,서울특별시 구로구 부일로11길 32 (대주빌라) 서남교회,02-2617-5543
서울가든빌라도서관,서울특별시 구로구 경인로 83 (서울가든빌라) 관리사무소건물 2층,02-2681-3911
서울남문고,서울특별시 구로구 구로동로17길 37-4 서울남교회 ,02-867-1406
서울특별시교육청고척도서관,서울특별시 구로구 고척로45길 31,02-2615-0524
서울특별시교육청구로도서관,서울특별시 구로구 공원로 15,02-6958-2800
수궁동도서관,서울특별시 구로구 오리로15길 32 수궁동주민센터 수궁동주민센터,02-2620-7855
숲속SH작은도서관,서울특별시 구로구 항동로 43 항동하버라인3단지,02-3666-0361
시끄러운 작은도서관,서울특별시 구로구 디지털로 31길 93,02-852-0259
신도림3차 동아아파트 작은도서관,서울특별시 구로구 신도림로 78 관리사무소 2층,02-2633-7846
신도림동새마을작은도서관,서울특별시 구로구 신도림로 40 신도림동주민센터 신도림동 주민자치센터 2층,02-2620-7841
신도림어린이영어작은도서관,서울특별시 구로구 신도림로 40 신도림동주민센터 신도림동주민센터2층,02-2069-0185
신도림월드메르디앙,서울특별시 구로구 신도림로 65 ,02-2671-5568
아름도서관,서울특별시 구로구 부일로9길 127 온수힐스테이트 ,02-2060-1685
에델도서관,서울특별시 구로구 천왕로 47 에델마을 복지회관,02-2688-6109
연지타운1단지작은도서관,서울특별시 구로구 오류로 30 천왕연지타운1단지 103동 1층 103동 1층,02-2613-9886
열린숲작은도서관,서울특별시 구로구 디지털로33길 27(구로동) 삼성IT밸리 1층(삼성아이티밸리),02-2028-2361
예샘작은도서관,"서울특별시 구로구 구로중앙로6길 40, 3층 ",
오류1동도서관,서울특별시 구로구 경인로 221 오류1동주민센터 2층(3층),02-2620-7853
오류2동도서관,서울특별시 구로구 오리로 10길 44-5 오류2동주민센터 ,070-4065-6523
오류동제일교회작은도서관,서울특별시 구로구 오류로8나길 9-5 1층,02-2625-9380
옹달샘작은도서관,"서울특별시 구로구 천왕로 56,(천왕동, 천왕이펜하우스3단지) 2층",02-2689-1513
은성도서관,서울특별시 구로구 고척로23길 20 은성교회 ,02-2614-0416
이니텍도서관,서울특별시 구로구 벚꽃로 484 화원종합사회복지관 3층,02-837-0761
중앙하이츠도서관,서울특별시 구로구 구로동로47길 24 구로중앙하이츠아파트 복지관 2층 ,02-854-6751
지혜로운 작은도서관,서울특별시 구로구 연동로 233 지하1층 중흥클래스,
참새소풍작은도서관(천왕2단지),서울특별시 구로구 천왕로 92 천왕이펜하우스2단지 천왕이펜하우스 203동 1층 ,02-2611-2013
천왕7단지작은도서관,"서울특별시 구로구 천왕로21, 701동 1층 701동 1층",
천왕마을작은도서관,서울특별시 구로구 천왕로36 센타프라자 306호,02-2687-8183
카페함크작은도서관,서울특별시 구로구 고척로141 2층,02-2611-1318
코비나작은도서관,"서울특별시 구로구 가마산로26길 27, 201호 ",02-561-8284
쿵짝쿵짝공작소작은도서관,서울특별시 구로구 부일로17길 24-3 (궁동)지층,
큐브북카페,"서울특별시 구로구 경인로 662, B동 30층 (디큐브시티) ",02-3667-9001
푸른꿈작은도서관,서울특별시 성북구 삼선교로 59-1(삼선동 4가) 은광교회,070-7719-5796
하늘도서관,서울특별시 구로구 구로동로13길 68,02-864-9585
하늘마루작은도서관(천왕5단지),서울특별시 구로구 천왕로 10 천왕이펜하우스5단지 천왕이펜하우스 5단지 504동 1층 ,02-2165-6155
하버라인 9단지 작은도서관,서울특별시 구로구 항동로 68 하버라인 9단지 901동 커뮤니티센터,02-2682-0999
한국산업기술시험원도서관,서울특별시 구로구 디지털로26길 87,02-860-1201
한양수자인에듀힐즈아파트작은도서관,서울특별시 구로구 항동로 42 1층,02-2617-3016
항동 사랑마을 작은도서관,서울특별시 구로구 서해안로 2072,02-2684-8428
항동 작은도서관,서울특별시 구로구 연동로 191-19,02-2620-7986
항동푸른도서관,서울특별시 구로구 연동로 290-46 (항동),02-2613-2022
행복한작은도서관,서울특별시 구로구 개봉로12길 42 (개봉동) 2층,02-2625-5279
흥부네작은도서관,서울특별시 구로구 고척로1길 30 흥부네작은도서관,02-2060-1742
금천구립가산도서관,서울특별시 금천구 가산로5길 43,02-865-6817~9
금천구립금나래도서관,서울특별시 금천구 시흥대로73길 70,02-2627-2992
금천구립독산도서관,서울특별시 금천구 독산로54길 114,02-863-9544
금천구립시흥도서관,서울특별시 금천구 금하로 764(시흥동) 금천종합복지타운(시흥2동주민센터),02-809-8242
길빛작은도서관,서울특별시 금천구 독산로 16 (시흥동) 새부대교회,02-6448-4162
꿈꾸는작은도서관,서울특별시 금천구 시흥대로12길 10-5(시흥동) 남부도로사업소 동네방네 마을이음센터 2층,02-2104-5688
꿈씨어린이작은도서관,서울특별시 금천구 독산로 232 독산4동주민센터 2층,02-2104-5625
나누리작은도서관,"서울특별시 은평구 진관1로 55, (진관동, 은평뉴타운 마고정) 301호",
도란도란작은도서관,서울특별시 노원구 동일로 186길 3-24 공릉1동주민센터 ,02-2116-2495
롯데캐슬1차작은도서관,서울특별시 금천구 벚꽃로40 ,070-4405-8780
마루한작은도서관,서울특별시 금천구 금하로 679 202호,
맑은누리작은도서관,"서울특별시 금천구 시흥대로58길 36, 시흥1동주민센터 5층 ",02-2104-5649
미래향기작은도서관,"서울특별시 금천구 독산로179, 독산2동주민센터 1층 ",02-2104-5584
산돌어린이도서관,"서울특별시 금천구 시흥대로75길 12, 산돌문화센터 2층 ",02-808-7902
샘솟는작은도서관,서울특별시 금천구 독산로64길 15 (독산동) 샘솟는화평교회 ,02-854-0500
소망의나무어린이작은도서관,서울특별시 금천구 금하로 11길 14 시흥장로교회,02-804-9596
와서작은도서관,서울특별시 벚꽃로56길 62 B01,02-859-2414
우리울작은도서관,서울특별시 금천구 범안로12가길 49 (독산동) 샘물교회 2층 ,070-7573-3321
은행나무어린이도서관,서울특별시 금천구 탑골로 43-8 1층,02-892-7894
지혜의숲작은도서관,서울특별시 금천구 시흥대로90길 25 신일교회 1층,070-4192-5822
참새작은도서관,서울특별시 금천구 한내로 69-15 (주공13단지아파트) 금천한내종합복지관 3층,02-895-8240
책달샘숲속작은도서관,서울특별시 금천구 독산동 373 감로천생태공원 내 ,02-2104-5733
책이든거리작은도서관,서울특별시 금천구 범안로 1130 독산역2번출구앞 ,02-853-3327
책읽는마을작은도서관,서울특별시 금천구 독산로74길 31 1층,02-858-9919
책읽는주민사랑방작은도서관,"서울특별시 금천구 금하로21길 20, 시흥5동주민센터 2층 ",02-2104-5729
청개구리작은도서관,"서울특별시 금천구 독산로 317, 독산3동주민센터 3층 ",02-857-4183
트리니티작은도서관,"서울특별시 금천구 시흥대로 72길 13, 시흥중앙성결교회 1층 ",02-802-5390
한국대학교육협의회문헌정보실,서울특별시 금천구 서부샛길 606 대성디폴리스 A동 22~23층,02-6919-3902
해오름작은도서관,"서울특별시 금천구 시흥대로123길 11, 독산1동 주민센터 4층",02-2104-5569
KB국민은행과 함께하는 나무작은도서관,"서울특별시 노원구 동일로 1405, KB금융 노원프라자 (상계동) 별관1층",070-4158-9660
가온작은도서관,서울특별시 노원구 노원로530 상계10동주민센터 ,02-2116-2946
가재울 지혜마루 작은도서관,서울특별시 노원구 한글비석로 97 (하계1동) 에너지제로주택 주민커뮤니티동 1층,02-2116-2564
공릉행복발전소공릉도서관,서울특별시 노원구 동일로179길 22,02-976-3820
국민체육진흥공단한국스포츠개발원도서관,서울특별시 노원구 화랑로 727 국민체육진흥공단 한국스포츠개발원,02-970-9524
글빛작은도서관,서울특별시 노원구 중계로 144 민호프라자 4층 민호프라자 3층,02-938-1695
금빛도서관,서울특별시 노원구 상계로26길 20 대동청솔아파트 상가3층 대동아파트 상가3층,02-939-7712
꿈꾸는작은도서관,서울특별시 노원구 석계로 59 월계1동주민센터 꿈꾸는 작은도서관,02-2116-2410
노원문화원작은도서관,서울특별시 노원구 동일로 197길 24 노원문화원 2층 ,02-948-1245
노원어린이도서관,서울특별시 노원구 한글비석로 346,02-933-7145
노원을지대학교병원 의학도서실,서울특별시 노원구 한글비석로 68 을지병원 도서실,02-970-8445
노원중앙도서관,서울특별시 노원구 노원로34길 43,02-950-0050
달내작은도서관,서울특별시 노원구 초안산로5길 28 월계2동주민센터,02-2116-2435
도란도란작은도서관,서울특별시 노원구 동일로 186길 3-24 공릉1동주민센터,02-2104-5706
메아리작은도서관,서울특별시 노원구 동일로217길 48 노원평생교육원 1층 ,02-2116-2854
바르미작은도서관,서울특별시 노원구 덕릉로 70가길 21 중계센트럴파크 입주복지센터 내,02-935-1002
반디작은도서관,서울특별시 노원구 동일로 227길 97 상계8동주민센터 ,02-2116-2887
북부종합사회복지관 신한카드아름인도서관,서울특별시 노원구 동일로245길 56 북부종합사회복지관,02-934-7711
북서울미술관아트도서실,서울특별시 노원구 동일로 1238,02-2124-5281
불암도서관,서울특별시 노원구 중계로 106,02-935-0721
삼육대평생교육원 이야기방 작은도서관,"서울특별시 노원구 화랑로 815, 삼육대평생교육원 207호",02-3399-1201
상계도서관,서울특별시 노원구 동일로243길 57,02-3391-7882
상계숲속작은도서관,서울특별시 노원구 동일로 227길 106 ,02-3391-7889
상계주공14단지아파트문화사랑방도서실,"서울특별시 노원구 동일로228길 23, 관리동 2층(상계주공14단지아파트)",02-939-4976
서울점자도서관,서울특별시 노원구 동일로 1335,02-935-9696
서울특별시교육청노원평생학습관,서울특별시 노원구 동일로204길 13,02-979-1741
솜니움 독서코칭 전문도서관,"서울특별시 노원구 한글비석로 15길 11, 중계빌딩 2층",02-930-1319
수락작은도서관,"서울특별시 노원구 덕릉로 859 상계3,4동주민센터 ",02-2116-2793
열린작은도서관,서울특별시 노원구 공릉로55길 88 하계2동주민센터 ,02-2116-2592
원더풀도서관,"서울특별시 노원구 초안산로 19, 큰무리교회 지하 1층 ",02-997-7004
월계도서관,서울특별시 노원구 월계로 319,02-991-0871
월계어린이도서관,서울특별시 월계로 42길 9 월계문화복지센터,070-4238-5148
육사작은도서관,서울특별시 노원구 화랑로 564 1층,02-950-6122
을지대학교을지병원의학도서실,서울특별시 노원구 한글비석로 68 을지병원 도서실,02-970-8445
인제대학교상계백병원의학도서실,서울특별시 노원구 동일로 1353 성일빌딩 5층,02-950-1384
작고행복한청구3차도서관,서울특별시 노원구 중계로 233 청구3차아파트 관리동2층 ,02-935-8046
중계9단지 반딧불작은도서관,"서울특별시 노원구 노원로16길 15, 상가동",
중계사랑작은도서관,서울특별시 노원구 덕릉로82길 50 중계4동주민센터,02-2116-2717
중계종합사회복지관 CAN DO도서관,서울특별시 노원구 덕릉로 662 중계종합사회복지관,02-952-0333
중계주공10단지책과친구들,서울특별시 노워구 노원로22길 53 주공10단지아파트관리사무소 ,02-932-3970
지혜의샘 작은도서관,"서울특별시 노원구 동일로 193가길 8, 봉화현 교회 1층",02-973-0683
참사랑평화학교 도서관,"서울특별시 노원구 한글비석로 93, 참사랑평화학교 4층",070-5050-1703
책누리작은도서관,서울특별시 노원구 중계로 143 중계본동주민센터 ,02-2116-2621
책사랑작은도서관,서울특별시 노원구 한글비석로 279 중계1동주민센터,02-2116-2643
책이랑친구랑작은도서관,서울특별시 노원구 노원로1길 68 공릉2동주민센터 ,02-2116-2537
초안산숲속작은도서관,서울특별시 노원구 덕릉로 60길 199 ,02-905-3900
트램작은도서관,"서울특별시 노원구  화랑로 610, 불빛정원 내 ",070-8767-1123
파랑새작은도서관,서울특별시 노원구 상계로 118 상계2동주민센터 2층,02-2116-2762
푸른숲작은도서관,서울특별시 노원구 동일로 1697 상계1동주민센터 ,02-2116-2745
하계어린이도서관,서울특별시 노원구 공릉로62길 18(하계어울림센터),02-979-7644
하늘작은도서관,"서울특별시 노원구 노원로 17길 56 중계2,3동 주민센터 4층",02-2116-2679
하늘품작은도서관,서울특별시 노원구 상계로23다길 33 지하1층,070-7758-0323
한길문고,서울특별시 노원구 한글비석로49길 63 4층 102호,02-931-7234
한내지혜의숲도서관,서울특별시 노원구 마들로86(월계동) 한내근린공원내,02-979-7420
한내행복발전소 작은도서관 ,서울특별시 노원구 마들로3길 15(월계동) 한내행복발전소 ,070-4206-0061
한울문고,서울특별시 노원구 누원로 28 수락리버시티3단지 주민공동시설 수락리버시티 주민공동시설내,02-3392-1116
한울작은도서관,서울특별시 노원구 한글비석로 487 상계9동주민센터 2층 ,02-2116-2919
해링턴 북토피아 작은도서관,"서울특별시 노원구 공릉로34길 86, 커뮤니티센터",02-972-0103
해솔작은도서관,서울특별시 노원구 한글비석로 434 상계5동주민센터 ,02-2116-2837
향기나무도서관,서울특별시 노원구 노원로 331 노원아동복지관,02-2116-4448
화랑도서관,서울특별시 노원구 노원로1나길 10,02-973-1318
김근태기념도서관 ,서울특별시 도봉구 도봉산길 14,02-956-3100
김수영문학도서관,"서울특별시 도봉구 해등로32길 80, 김수영문학관 3층 ",02-2091-5906
꿈을심는작은도서관,서울특별시 도봉구 우이천로 38 라길 28-4 1층,02-992-4106
나눔플러스아름인도서관,서울특별시 도봉구 도봉로109길 40 2층,02-997-5579
도봉1동작은도서관,"서울특별시 도봉구 도봉로169나길 22, 도봉1동 주민센터 2층",02-2091-5912
도봉2동작은도서관,"서울특별시 도봉구 마들로 668, 도봉2동 주민센터 2층 ",02-2091-5913
도봉기적의도서관,서울특별시 도봉구 마들로 797,02-3493-7171
도봉문화정보도서관,서울특별시 도봉구 덕릉로 315,02-900-1835
도봉아이나라도서관,서울특별시 도봉구 노해로 69길 151,02-995-4171~2
둘리도서관,서울특별시 도봉구 시루봉로1길 6,02-990-2200
라온제나작은도서관,서울특별시 도봉구 우이천로20길 7 지하1층,02-902-4262
맑은샘작은도서관,서울특별시 도봉구 도봉로 145길 69 2층,070-756-06913
무수골도서관,서울특별시 도봉구 도봉로 175길 10 3층,02-3492-0078
반딧불이작은도서관,"서울특별시 도봉구 해등로 307(방학동, 우성2차 아파트) 관리동 2층",02-956-3282
방학1동작은도서관,"서울특별시 도봉구 방학로2길 27, 방학1동 주민센터 2층 ",02-2091-5904
방학2동작은도서관,"서울특별시 도봉구 시루봉로 226, 방학2동 주민센터",02-2091-5905
번창작은도서관,서울특별시 도봉구 노해로 66길 95 지하1층,02-995-0131
북서울중학교도서관(해오름도서관),서울특별시 도봉구 도봉로169가길 33 해오름터 2층,070-5090-1060
북한산아이파크작은도서관,서울특별시 도봉구 도봉로136길 28 북한산아이파크 516동 지하1층,02-6437-4596
산돌작은도서관,서울특별시 도봉구 방학로6길20- 9 지하1층,070-4647-2279
산미소작은도서관,서울특별시 도봉구 노해로 57길 94(쌍문동) 1층,02-905-9106
생글작은도서관,서울특별시 도봉구 우이천로 32길 35 2층,02-992-7500
서울특별시교육청도봉도서관,서울특별시 도봉구 삼양로 556,02-6714-7400
솔밭작은도서관,서울특별시 도봉구 삼양로 580 베다니교회 2층,02-998-9619
신창영어작은도서관,서울특별시 도봉구 덕릉로 249 3층,02-993-9851
쌍문1동작은도서관,"서울특별시 도봉구 노해로 147, 쌍문1동주민센터 2층 ",02-2091-5900
쌍문2동작은도서관,"서울특별시 도봉구 방학로3길 117, 쌍문2동주민센터 7층 ",02-2091-5901
쌍문3동작은도서관,"서울특별시 도봉구 노해로44길 9, 쌍문3동주민센터 2층 ",02-2091-5902
쌍문4동작은도서관,"서울특별시 도봉구 시루봉로 62-7, 쌍문4동 주민센터 2층",02-2091-5903
쌍문채움도서관,서울특별시 도봉구 우이천로 340,02-998-0910
씨앗작은도서관,서울특별시 도봉구 도봉로 901 부성빌딩 402호,02-954-0045
아름다운도서관,서울특별시 도봉구 도봉로104길 63 3층,02-904-2642
외갓집에가자작은도서관,서울특별시 도봉구 우이천로44길 26 B01호,02-996-9113
원당마을한옥도서관,서울특별시 도봉구 해등로32가길 17 (방학동),02-906-2022
지혜의등대작은도서관,서울특별시 도봉구 도봉로 552 도봉구민회관 4층 도봉구민회관 4층,070-4215-8936~7
참솔도서관,서울특별시 도봉구 시루봉로 193 2층 ,02-932-4733
창1동작은도서관,"서울특별시 도봉구 해등로 46, 창1동주민센터 2층",02-2091-5907
창2동작은도서관,"서울특별시 도봉구 덕릉로 59길 73-3, 창2동주민센터 2층",02-2091-5908
창3동작은도서관,"서울특별시 도봉구 덕릉로62길 89, 창3동주민센터 3층 ",02-2091-5909
창4동작은도서관,"서울특별시 도봉구 노해로 390, 창4동주민센터 5층 관리사무소 지하1층",02-2091-5910
창5동작은도서관,"서울특별시 도봉구 도봉로 136나길 20, 창5동주민센터 3층 ",02-2091-5911
초록나라도서관,서울특별시 도봉구 도봉로181길 65-8 2층 ,02-956-7956
키움작은도서관,서울특별시 도봉구 삼양로144길 11 2층 ,02-992-0191
학마을도서관,서울특별시 도봉구 시루봉로 128,02-955-0655
행복작은도서관,"서울특별시 도봉구 마들로 656, 지하1층",02-2091-2278
sk북카페꿈땅,서울특별시 동대문구 사가정로 148 SK아파트 내,02-2212-4518
가톨릭대성바오로병원의학도서관,서울특별시 동대문구 왕산로 180 가톨릭대학교 성바오로병원 별관 1층,02-958-2347
경동 1960 작은도서관,"서울시 동대문구 고산자로36길 3, 신관2층",
경희의료원의학도서실,서울특별시 동대문구 경희대로 23 정보행정동 지하 2층,02-958-9073
국립산림과학원도서관,서울특별시 동대문구 회기로 57 국립산림과학원 임산공학연구동 1층,02-961-2586
글놀이작은도서관,서울특별시 동대문구 약령시로 67 2층 ,
글로벌지식협력단지 도서자료관,서울특별시 동대문구 회기로 47 글로벌지식협력단지 교육동 1층,02-6312-4094
꿈나래 작은도서관,서울특별시 동대문구 답십리로 296(동천교회 내),02-2216-6702
꿈나무작은도서관,서울특별시 동대문구 전농로4길 7 답십리교회 1층,
꿈마루도서관,서울특별시 동대문구 이문로 55 동안교회 선교센터 ,070-7457-1190
꿈사랑도서관,"서울특별시 동대문구 한천로37길 33, 래미안엘파인아파트 아파트내",02-2217-8851
꿈이 자라는 작은도서관,서울시 동대문구 고미술로 12 ㄱ4층,
나들목가족도서관,서울특별시 동대문구 안암로6 대광고 60주년 기념관 대광고 60주년 기념관 1층,02-921-4085
다양한문화가모이는어린이도서관모두,"서울특별시 동대문구 이문로 3, 5층 민족통일빌딩 5층",02-965-7530
답십리1동아름드리작은도서관,서울특별시 동대문구 사가정로 30 답십리1동 주민세터 3층 ,02-2171-6548
답십리2동민들레작은도서관,서울특별시 동대문구 한천로11길 18 답십리2동주민센터 2층,02-2171-6256
동대문구답십리도서관,서울특별시 동대문구 서울시립대로4길 75,02-982-1959
동대문구정보화도서관,서울특별시 동대문구 회기로10길 60,02-960-1959
동대문책마당도서관,서울특별시 동대문구 천호대로 145,02-2127-4116
둥그레문고,"서울특별시 동대문구 장안벚꽃로1길 7, 장안힐스테이트 관리동 지층",
래미안위브 작은도서관,서울특별시 동대문구 답십리로 130 ,
루씨 작은도서관,서울특별시 동대문구 회기로18길 8(룻교회) 1층,02-965-0691
배봉산 숲속도서관,서울특별시 동대문구 전농로16길 97,02-2212-8502
빛과진리선교원 어린이작은도서관,서울특별시 동대문구 전농동 647-39 빛과진리선교원,02-2216-6609
사랑듬북작은도서관,서울특별시 동대문구 사가정로23나길 12(장안동) 참사랑교회 1층,
서울특별시교육청동대문도서관,서울특별시 동대문구 천호대로4길 22,02-2170-1000
숲 작은도서관,서울특별시 동대문구 서울시립대로12길 99 전농교회 1층,02-2212-8515
슈필라움작은도서관,서울특별시 동대문구 전농로16길 30 2층,02-2212-0012
아름숲어린이문고,"서울특별시 동대문구 전농로16길 51, 관리동 (래미안아름숲아파트) 110동 지하1층",
아주좋은꿈터작은도서관,서울특별시 동대문구 왕산로16가길 7 ,02-927-1270
어린이도서관꿈틀,서울특별시 동대문구 전농로16길 59(전농동) 1층,02-2243-2315
예스아이캔 작은도서관,서울특별시 동대문구 답십리로60길 74 2층,
용두어린이영어도서관,서울특별시 동대문구 무학로 133 용두어린이 영어도서관,02-921-1959
용두어울림 작은도서관,서울특별시 동대문구 무학로 89,02-953-2223
용신동작은도서관,서울특별시 동대문구 천호대로27길 35 용신주민센터 3층,02-2171-6529
이문1동꿈꾸는작은도서관,서울특별시 동대문구 외대역동로 114-1 이문1동주민센터 3층,02-2171-6476
이문2동작은도서관,서울특별시 동대문구 신이문로27-5 이문2동주민센터 1층 ,02-2171-6503
이문어린이도서관(숲속작은도서관),서울특별시 동대문구 천장산로9길 68(이문동) 고황경로당 ,02-968-7530
이문체육문화센터어린이도서관,서울특별시 동대문구 한천로58길 81-49,02-6926-0984
이웃과함께하는 작은도서관,서울시 동대문구 사가정로 2길 59 답십리교회 지하1층,02-2246-4949
장안1동작은도서관,서울특별시 동대문구 장한로26가길 113 장안1동자치회관 지층,02-2249-2250
장안꿈마루어린이작은도서관,서울특별시 동대문구 한천로28길 5,070-8821-0266
장안마루작은도서관,서울특별시 동대문구 사가정로 64  성우스타팰리스 101동,070-7733-0054
장안어린이도서관,서울특별시 동대문구 장한로26다길 10 (장안동) ,02-2249-1959
전농2동뜨락작은도서관,서울특별시 동대문구 사가정로 137 전농2동주민센터 3층,02-2171-6156
제기동미래뜰작은도서관,서울특별시 동대문구 약령시로 71 제기동주민센터 2층,02-2171-6072
청솔우성아파트 작은도서관,서울특별시 동대문구 전농로10길 20 ,02-2244-6285
포도나무작은도서관,"서울특별시 동대문구 장한로27가길 58, 영성감리교회 1층 ",02-2213-8929
한국과학기술원고등과학원도서실,서울특별시 동대문구 회기로 85 한국과학기술원 부속 고등과학원 1호관 4층,02-958-3705
한국국방연구원지식정보실,서울특별시 동대문구 회기로 37 한국국방연구원 본관 1~2층,02-961-1355
회기마루작은도서관,서울특별시 동대문구 경희대로3길 56 연화사 1층 ,02-960-6186
휘경1동새싹마루작은도서관,서울특별시 동대문구 외대역동로6길 3 휘경1동주민센터 3층 주,02-2171-6436
휘경2동꿈빛누리작은도서관,서울특별시 동대문구 한천로 329 휘경2동주민센터 4층,02-2171-6456
휘경어린이도서관,서울특별시 동대문구 망우로18가길 38,02-2248-1959
휘경행복도서관,서울특별시 동대문구 장안벚꽃로 323 (휘경동),02-2249-9701
구립김영삼도서관,서울특별시 동작구 매봉로 1(상도1동 611),02-827-0557
국사봉숲속작은도서관,서울특별시 동작구 양녕로23길 27 (상도동) ,
기상청도서관,서울특별시 동작구 여의대방로16길 61,02-2181-0232
까망돌도서관,서울특별시 동작구 서달로 129(흑석동 340-1),02-815-3701
까망돌어린이도서관,"서울특별시 동작구 흑석한강로 13,2층 서울남부교회",02-822-2013
꿈담도서관,서울특별시 동작구 성대로2길 9 3층,02-826-6300
꿈먹작은도서관,서울특별시 동작구 동작대로11길 77 성진교회,02-584-8693
꿈익는책마을,서울특별시 동작구 상도로38길 24 남현교회,02-821-0667
나무별작은도서관,서울특별시 동작구 장승배기로 6 지층,02-6095-0578
노량진1동작은도서관,"서울특별시 동작구 장승배기로28길 30, (노량진동) 노량진1동 주민센터 3층 ",02-820-2407
노량진2동작은도서관,"서울특별시 동작구 장승배기로19길 48, (노량진동) 노량진2동 주민센터 1층",02-820-2434
농심식문화전문도서관,서울특별시 동작구 여의대방로 112,02-820-8299
다울작은도서관,"서울특별시 동작구 사당로20길 132, (사당동) 2층 ",02-3473-3360
담소작은도서관,"서울특별시 동작구 강남초등길 24, (상도동) 3층 ",02-3280-3006
담쟁이작은도서관,서울특별시 동작구 동작대로 13길 27 석천장로교회 1층,
대방동작은도서관,"서울특별시 동작구 여의대방로44길 20, (대방동) 대방동주민센터 2층 ",02-820-2744
대방어린이도서관,서울특별시 동작구 대방동길55(대방동379-2),02-813-6740
동작샘터도서관,서울특별시 동작구 동작대로29길 63-26(동작구다문화가족지원센터) 1층 ,02-533-6750
동작어린이도서관,서울특별시 동작구 장승배기로 16길 98(노량진 2동 225-161),02-823-6750
만나 작은도서관,서울특별시 동작구 사당로2다길 85,02-6952-2675
보라매e편한세상작은도서관,서울특별시 동작구 보라매로 70 보라매e편한세상아파트 101동 정문입구 1층 ,02-814-3691
비전어린이도서관,"서울특별시 동작구 사당로20길 126, 온세상교회",02-582-9191
비전어린이도서관,"서울특별시 동작구 사당로20길 126, 온세상교회 ",02-582-9191
사당1동작은도서관,"서울특별시 동작구 동작대로17길 28, (사당동) 사당1동주민센터 주민센터 내",02-820-2571
사당2동작은도서관,"서울특별시 동작구 동작대로29길 52, (사당동) 사당2동주민센터 2층",02-820-2593
사당3동작은도서관,"서울특별시 동작구 사당로17길 86, (사당동) 사당3동주민센터 2층",02-820-2733
사당4동작은도서관,"서울특별시 동작구 사당로16아길 6, (사당동) 사당4동주민센터 2층",02-820-2770
사당5동작은도서관,"서울특별시 동작구 사당로2가길 219, (사당동) 사당5동주민센터 3층",02-820-2790
사당솔밭도서관,서울특별시 동작구 솔밭로 86,02-585-8411-2
상도1동작은도서관,"서울특별시 동작구 상도로53길 9, (상도동) 상도1동주민센터 2층 2",02-820-2467
상도2동작은도서관,"서울특별시 동작구 상도로 211, (상도동) 상도2동주민센터 2층",02-820-2484
상도3동작은도서관,"서울특별시 동작구 성대로2길 11, (상도동) 상도3동주민센터 ",02-820-2503
상도4동작은도서관,"서울특별시 동작구 성대로29길 53, (상도동) 상도4동주민센터 2층 ",02-820-2537
상도SH.Ville작은도서관,서울특별시 동작구 상도로 53길 70 주민공동시설 지하 2층 지,02-822-6950
상도더샾아파트작은도서관,서울특별시 동작구 장승배기로4길 9 상도더샵아파트 관리동,02-824-8292
상도중앙작은도서관,"서울특별시 동작구 상도로15길 47, 상도중앙교회 ",070-4419-6004
생명나무도서관,서울특별시 동작구 양녕로249 1층,02-815-3615
서울특별시교육청동작도서관,서울특별시 동작구 장승배기로 94,02-823-6419
성대골어린이도서관,서울특별시 동작구 성대로10길 23 1층,02-817-6684
소망작은도서관,서울특별시 동작구 보라매로 71 3층,
신대방1동작은도서관,"서울특별시 동작구 신대방길 72, (신대방동) 신대방1동주민센터 주민센터 내",02-820-2811
신대방2동작은도서관,"서울특별시 동작구 여의대방로24길 106, (신대방동) 신대방2동주민센터 2층 층",02-820-2826
신대방누리도서관,서울특별시 동작구 신대방1다길 19(신대방동 686-78),02-849-8588
신상도문고,서울특별시 동작구 양녕로20길 108 신상도교회 3층,02-826-7712
아트앤힐링작은도서관,서울특별시 동작구 상도로62길 61 지하1층,02-597-6630
애스톤파크작은도서관,서울특별시 동작구 상도로346-2 ,02-827-0388
약수도서관,서울특별시 동작구 양녕로22바길 64(상도동),02-823-1907
양문작은도서관,서울특별시 동작구 시흥대로646 1층,02-6238-6860
양문작은도서관,서울특별시 동작구 시흥대로646 1층,02-834-6860
열림카페속작은도서관,"서울특별시 동작구 여의대방로 44길 22, 열림교회1층 ",070-7432-7787
오손도손우리동네작은도서관,서울특별시 동작구 양녕로 266 2층,02-822-1017
주님의숲작은도서관,"서울특별시 동작구 사당로17길 31, (사당동) 사당중앙교회 1층 ",02-534-2940
중소기업연구원자료실,서울특별시 동작구 신대방1가길 77,02-707-9873
중앙대학교병원의학정보실,서울특별시 동작구 흑석로 102 중앙대학교병원 본관 B2,02-6299-2796
지혜문고,서울특별시 동작구 장승배기로 19길 50 노량진2동어린이집,02-824-5377
지혜샘터작은도서관,"서울특별시 동작구 상도로34길 34, (상도동) 1층 ",070-8245-6963
하늘사다리문고,"서울특별시 동작구 현충로 119, B상가 207호 (명수대현대아파트) ",070-4070-7551
한숲문고,서울특별시 동작구 알마타길 37 대방1차e-편한세상 관리사무소 2층,02-813-4262
행복한래미안작은도서관,"서울특별시 동작구 상도로53길 8, (래미안상도3차아파트) 관리사무소 ",02-822-3720
헤브론문고,서울특별시 동작구 상도로 217-10 헤브론교회 1층,02-824-0186
흑석동작은도서관,"서울특별시 동작구 흑석한강로 11, (흑석동) 흑석동주민센터 2층",02-820-2561
가좌행복작은도서관,서울시 마포구 성암로 28,02-302-9472
공덕동문고(마실길북카페),서울특별시 마포구 만리재옛길 84 공덕동주민센터 ,02-3153-6516
꿈나래어린이영어도서관,서울특별시 마포구 월드컵로13길 80(망원동) 2층,02-323-1840
꿈빛도서관,서울특별시 마포구 희우정로 109 화평교회 3층 ,02-335-0911
꿈을이루는작은도서관,서울특별시 마포구 마포대로 7길 18 아현동 주민센터 2층 ,02-706-4785
남북하나재단북한전문자료실,"서울특별시 마포구 새창로 7 SNU빌딩 4,5층",02-3215-5785
늘푸른소나무작은도서관,"서울특별시 마포구 백범로 227, 2층 마포문화원 3층",02-718-4785
담쟁이작은도서관,서울특별시 마포구 포은로6길 25 석천감리교회,02-336-9360
도란도란Books,서울특별시 마포구 새창로4길 25 B1층,02-716-0690
래미안밤섬리베뉴I아파트채움작은도서관,서울특별시 마포구 독막로20나길 22(상수동) ,02-334-5601
마포구립서강도서관,서울특별시 마포구 독막로 165,02-3141-7053
마포어린이영어도서관,"서울특별시 마포구 도화4길 53, (도화동) 2층",02-716-3987~8
마포중앙도서관,서울특별시 마포구 성산로 128(성산동),02-3153-5800
마포푸르메어린이도서관,서울특별시 마포구 월드컵북로 494 푸르메재단 넥슨어린이재활병원 1층,02-6070-9286
망원1동문고,서울시 마포구 포은로 6길 10 망원1동주민센터 2층,02-3153-6813
복사골작은도서관,서울특별시 마포구 도화4길 53 3~4층,02-716-5800
상암동문고,서울특별시 마포구 매봉산로2길 16 상암동주민센터 ,02-3153-6966
상암월드컵파크11단지도서관,서울특별시 마포구 월드컵북로 502-37,02-302-5930
상암월드컵파크7단지도서관,서울특별시 마포구 상암산로1길 92,02-374-7795
서강어린이영어도서관,"서울특별시 마포구 배범로 35, 서강대학교 곤자가국제학사 지하1층",02-6925-0500
서교동문고,서울시 마포구 동교로15길 7 서교동주민센터 2층,02-3153-6753
서울특별시교육청마포평생학습관,서울특별시 마포구 홍익로2길 16,02-2137-0000
서울특별시교육청마포평생학습관아현분관,서울특별시 마포구 마포대로 224,02-362-8785
성메작은도서관,서울특별시 마포구 월드컵북로30길 22 성산2동주민센터 2층,02-373-4785
성미산학교작은도서관꿈꾸는다락방,"서울특별시 마포구 성미산로3나길 6(성산동) 1층, 3층 ",02-3141-0507
성산글마루작은도서관,서울특별시 마포구 월드컵북로 235 대우복지관 3층,02-373-2900
소금나루도서관,서울특별시 숭문길 72,02-3153-1600
신수동문고,서울특별시 마포구 독막로 192 신수동주민센터 ,02-3153-6680
쎌북작은도서관,서울특별시 마포구 신촌로 12길 11 신촌성결교회 ,02-334-6080
아름드리작은도서관,서울특별시 성북구 길음로 13길 39 길음뉴타운아파트 본관 2층,02-913-9023
아이도북센터,서울특별시 마포구 만리재로 29 사랑의전화종합사회복지관 아이도북센터 아,02-6371-1036
에듀카페맘작은도서관,서울시 마포구 성미산로17길 92-1(연남동) 지층,02-792-7933
연남동문고,서울특별시 마포구 성미산로29길 17-9 연남동주민센터 ,02-3153-6875
염리동문고,서울특별시 마포구 숭문길 14 염리동주민센터 ,02-3153-6663
용강동작은도서관,"서울특별시 마포구 토정로31길 31, 용강동 복합청사 2층 ",02-716-4785
자이열린작은도서관,"서울특별시 마포구 서강대길 40, 103-402 마포자이2차아파트",02-703-9992
초록리본도서관,서울특별시 마포구 동교로19길 4 2층 ,070-4676-5600
초록숲작은도서관,"서울특별시 마포구 마포대로11길 44-81, 아현문화건강센터 B1층",02-313-4785
푸른나무작은도서관,서울특별시 마포구 만리재로 48 지층,02-704-9090
풀뿌리문고,서울특별시 마포구 월드컵북로 190 풀뿌리문고 3층 ,02-302-4906
하늘꿈작은도서관,서울특별시 마포구 숭문길 36 풍성한빌딩 풍성한교회,02-702-2787
한국경영자총협회자료실,서울특별시 마포구 백범로 88 경총회관 지하2층,02-3270-7317
한국연구원도서관,"서울특별시 마포구 토정로31길 12, 3층",02-737-1731
한국영상자료원영상도서관,서울특별시 마포구 월드컵북로 400 한국영상자료원,02-3153-2051
한사랑문고,서울특별시 마포구 월드컵북로 173-1 한사랑교회 ,02-304-5184
합정동문고,서울특별시 마포구 월드컵로5길 11 합정동주민센터 ,02-322-3460
해오름문고,서울특별시 마포구 월드컵로42길 12,02-308-0287
해오름작은도서관,"서울특별시 마포구 신촌로26길 10, 우리마포복지관 2층",02-714-8080
DMC래미안e편한세상아파트1블럭작은도서관,서울특별시 서대문구 수색로 100 1블럭 커뮤니티센터 ,02-302-3105
그린힐작은도서관,서울특별시 서대문구 연희로14길70,02-375-2537
남가좌1동파랑새작은도서관,서울특별시 서대문구 모래내로 15길 37 2층 ,02-330-8992
남가좌삼성래미안아파트푸른북카페,서울특별시 서대문구 증가로 191 (삼성아파트) 푸른북카페,02-376-2743
남가좌새롬어린이도서관,서울특별시 서대문구 증가로10길 16-15,02-360-8639
돈의문센트레빌작은도서관,서울특별시 서대문구 독립문로14길33 206동 커뮤니티동,02-364-8522
동북아역사재단동북아역사자료실,서울특별시 서대문구 통일로 81,02-2012-6034
봉원교회샘뜰작은도서관,서울특별시 서대문구 봉원사 2길 13 1층 봉원교회,02-392-6552
북가좌1동늘푸른열린작은도서관,서울특별시 서대문구 수색로 100-55 북가좌1동주민센터 2층,02-330-8554
북가좌2동가슴따뜻한작은도서관,"서울특별시 서대문구 응암로1길 10, 북가좌2동주민센터 2층",02-330-8652
북가좌2동이팝꽃향기작은도서관,서울특별시 서대문구 불광천길 204,02-302-9798
북아현북카페,서울특별시 서대문구 북아현로 24 북아현동주민센터 2층,02-330-8672
북한산더샵아파트작은도서관,서울특별시 서대문구 통일로 510 커뮤니티센터 ,02-391-9903
새솔도서실,서울특별시 서대문구 북아현로19길 58-21 이화여대종합사회복지관 1층 ,02-3277-3190
서대문구립이진아기념도서관,서울특별시 서대문구 독립문공원길 80,02-360-8600
서울특별시교육청서대문도서관,서울특별시 서대문구 모래내로 412,02-6948-2115
세빛도서관,서울특별시 서대문구 통일로 35길 18 2층 ,070-5001-4656
수화영상도서관,서울특별시 서대문구 수색로 4가길 23 1층 ,02-3156-6699
아낌없이주는나무,서울특별시 서대문구 독립문로12길17 서은교회 1층,02-312-5907
어깨동무어린이도서관,서울특별시 서대문구 거북골로 14길 32 DMC아이파크아파트 2층 458,02-302-3105
어린이도서관꿈꾸는세상,서울특별시 서대문구 증가로8길 76-15,02-375-7179
연희동아이누리작은도서관,"서울특별시 서대문구 증가로 13-10, 자치회관 연희동자치회관 2층",02-330-8775
연희파크푸르지오작은도서관,서울특별시 서대문구 홍제천로136 UZ센터,02-336-1185
영광시각장애인모바일점자도서관,"서울특별시 서대문구 세검정로 78-19, 2층",02-393-4568
이화여자대학교박물관전문도서관,서울특별시 서대문구 이화여대길 52 이화여자대학교 박물관 내,02-3277-3676
천연동하늘샘작은도서관,서울특별시 서대문구 독립문로 27 서대문구보건소천연분소 ,02-3140-8334
천연뜨란채문고,"서울특별시 서대문구 독립문로8길 54, 107동 관리동 ",02-365-2800
충현동알음알음작은도서관,서울특별시 서대문구 경기대로 40 2층 충현동자치회관 1층,02-330-8164
하늘샘어린이도서관,서울특별시 서대문구 가좌로 154 서부제일교회,070-4060-0617
하뜰안도서관,서울특별시 서대문구 가재울로 13 성은교회 1층,02-309-6477
햇살작은도서관,서울특별시 서대문구 세검정로1길 45 홍은1동자치회관,02-330-8461
행복작은도서관,서울특별시 서대문구 모래내로 334 홍은2동주민센터 구청제4별관 3층,02-330-8788
홍은2동논골작은도서관,"서울특별시 서대문구 연희로41가길 33 청년미래공동체주택 101동, 102호, B01호",02-391-8789
홍은도담도서관,서울특별시 서대문구 홍은중앙로 129,02-360-8640
홍제1동새싹작은도서관,서울특별시 서대문구 통일로27길 19 2층,02-330-8663
홍제2동꿈이있는작은도서관,서울특별시 서대문구 통일로34길 27 2층,02-330-8453
홍제3동문화촌어린이작은도서관,서울특별시 서대문구 세검정로4길 32 홍제3동주민센터 2층,02-330-8991
홍제천작은도서관,서울특별시 서대문구 통일로 510 북한산더샵상가 지하1층 214호 ,
IT로 열린도서관,"서울특별시 서초구 방배로 36, 이삭빌딩 301호",02-3471-3434
KOTRA무역자료실,서울특별시 서초구 헌릉로 13 KOTRA 본사 3층,"02-3460-7404, 7407(1호) 02-3460-7408, 7405(2호)"
LH서초3단지행복도서관,"서울특별시 서초구 양재대로 2길 34 우면동, LH서초 3단지 아파트 ",
LH서초4단지작은도서관,"서울특별시 서초구 양재대로2길 33 우면동, LH서초 4단지 아파트 ",
LH서초5단지작은도서관,서울특별시 서초구 양재대로2길 11 LH서초5단지 작은도서관,
국립국악원국악자료실,서울특별시 서초구 남부순환로 2364 국립국악원 국악박물관 306호,02-580-3081
국립외교원도서관,서울특별시 서초구 남부순환로 2572,02-3497-7664
국립중앙도서관,서울특별시 서초구 반포대로 201,02-535-4142
꿈 익는 작은도서관,서울특별시 서초구 남부순환로 2271-5 소비코빌딩 B2F,02-583-2156
너나울도서관,서울특별시 서초구 양재대로 2길 90 엘에이치스타힐스 서초힐스아파트,070-7014-0773
네이처힐1단지 작은도서관,"서울특별시 서초구 형촌길 35, (우면동, 서초네이처힐1단지) 경로당 옆",
네이처힐3단지작은도서관(꿈찾는도서관),서울특별시 서초구 태봉로2길 60 서초네이처힐 3단지 305동 1층,070-8615-8387
네이처힐4단지작은도서관,서울특별시 서초구 태봉로 2길 5 서초네이처힐4단지 404동 1층 ,02-577-5587
네이처힐5단지작은도서관,서울특별시 서초구 태봉로2길 65 서초네이처힐 508동 1층,02-577-6617
네이처힐6단지작은도서관,서울특별시 서초구 태봉로 2길 30 서초네이처힐6단지 아파트 ,
네이처힐가든작은도서관,서울특별시 서초구 형촌길 60 네이처힐가든 아파트,
대검찰청검찰중앙도서실,서울특별시 서초구 반포대로 157 대검찰청 본관 4층,02-3480-2516
대한민국예술원도서실,서울특별시 서초구 반포대로37길 59,02-3479-7233
대한민국학술원도서실,"서울특별시 서초구 반포대로37길 59, 3층",02-3400-5255
리본SH작은도서관,서울특별시 서초구 바우뫼로 18길 20 양재리본타워1단지 아파트 ,070-8100-2180
리본숲SH작은도서관,서울특별시 서초구 양재동 매헌로 16길 40 양재리본타워2단지 관리동2층,070-8108-5003
매헌숲작은도서관,서울특별시 서초구 매헌로 99,02-578-3388
반포1동작은도서관,서울특별시 서초구 사평대로 273(반포동) 반포1동 주민센터 3층,02-2155-7615
반포2동작은도서관,서울특별시 서초구 신반포로15길 16 반포2동주민센터 2층,02-2155-7635
반포3동작은도서관,서울특별시 서초구 신반포로23길 78 반포3동주민센터 4층,02-2155-7670
반포4동작은도서관,서울특별시 서초구 사평대로28길 70 반포4동주민센터 4층,02-2155-7687
반포별빛 작은도서관,서울특별시 서초구 사평대로 310-4,
반포본동작은도서관,서울특별시 서초구 신반포로 10 반포본동주민센터 2층,02-2155-7577
방배 은혜 작은도서관,서울특별시 서초구 방배로 4길 10-18,
방배1동작은도서관,서울특별시 서초구 효령로29길 43 방배1동주민센터 2층,02-2155-7765
방배2동작은도서관,서울특별시 서초구 청두곶길 36 방배2동주민센터 2층,02-2155-7773
방배4동작은도서관,서울특별시 서초구 방배로 173 방배4동주민센터 3층,02-2155-7853
방배도서관,서울특별시 서초구 방배로 40,02-3471-3993
방배본동작은도서관,서울특별시 서초구 동광로 19길 38 방배본동주민센터 2층,02-2155-7734
삼성경제연구소도서자료실,"서울특별시 서초구 서초대로74길 4, 삼성생명 서초타워 30층",02-3780-8126
서울시교육연수원교육정보자료실,서울특별시 서초구 남부순환로 2248,02-3019-8055
서울연구원도서관,서울특별시 서초구 남부순환로340길 57,02-2149-1024
서울인재개발원도서실,서울특별시 서초구 남부순환로340길 58,02-3488-2024
서울지방변호사회도서관,서울특별시 서초구 법원로1길 21 변호사회관 내,02-6200-6262
서이도서관,서울특별시 서초구 서초대로70길 51,02-3471-1337
서초1동작은도서관,서울특별시 서초구 사임당로 89 서초1동주민센터 2층,02-2155-7418
서초3동작은도서관,서울특별시 서초구 반포대로58 서초아트자이 1-2층,02-3472-7462
서초4동작은도서관,서울특별시 서초구 서운로26길 3 서초4동주민센터 2층,02-2155-7497
서초구립내곡도서관,서울특별시 서초구 청계산로7길 9-20,02-3461-3007
서초구립반포도서관,서울특별시 서초구 고무래로 34,02-520-8700
서초구립방배숲환경도서관,서울특별시 서초구 서초대로 160-7 방배동,02-537-6001
서초구립양재도서관,서울특별시 서초구 양재천로 33,02-3486-4050
서초그림책도서관,서울특별시 서초구 명달로 150,02-3471-0995
서초글벗 작은도서관,서울특별시 서초구 방배천로 2안길 39 서초영락교회 지하1층,
서초더샵포레작은도서관,"서울특별시 서초구 헌릉로8길 58 서초더샵포레 작은도서관 1,2관",02-529-7808
서초청소년도서관,서울특별시 서초구 효령로77길 37,02-3486-9543
서초포레스타3단지작은도서관,"서울특별시 서초구 헌릉로8길 22 신원동, 서초포레스타3단지",070-8159-2809
서초포레스타6단지작은도서관,서울특별시 서초구 청계산로9길 1-12 611동 1층,
서초포레스타7단지풍경이있는작은도서관,서울특별시 서초구 청계산로11길 7-12 703동 지하1층,02-529-7654
수송작은도서관,서울특별시 서초구 신반포로41길 17 수송교회 지하1층,02-543-7532
시온교회 작은도서관,서울특별시 서초구 서초대로 84 시온교회 1층,
씨넷도서관,서울특별시 서초구 남부순환로 333길 36 해원빌딩 지하1층,
씨드 작은도서관,서울특별시 서초구 바우뫼로7길 16 (우면동 66-1) 대화프라자 704호,
양재 너구리 도서관,서울특별시 서초구 논현로 27길 58 2층,02-6409-2018
양재1동작은도서관,서울특별시 서초구 바우뫼로 41 양재1동우면주민센터 2층,02-2155-7895
양재2동작은도서관,서울특별시 서초구 마방로6길 7-40 1층,02-2155-7906
언남돌봄 작은도서관,서울특별시 서초구 강남대로 10길 65 3층,
에코리치작은도서관,서울특별시 서초구 양재대로2길 109 103동 지하1층,02-2058-1820
우면SH작은도서관,서울특별시 서초구 형촌길 15 (네이처힐2단지) ,02-575-1433
작은 새들의 합챵 작은도서관,서울특별시 서초구 서초대로 34가길 52,
잠원도서관,서울특별시 서초구 나루터로 38,02-3477-8655
잠원도서관,서울특별시 서초구 나루터로 38,02-3477-8655
재외동포재단자료실,서울특별시 서초구 남부순환로 2558 외교센터 1층,02-3415-0189
지혜의숲작은도서관,서울특별시 서초구 청계산로7길 43 서초포레스타5단지 503동 2층,070-7763-2811
통일부북한자료센터,서울특별시 서초구 반포대로 201 국립중앙도서관 5층 통일부 북한자료센터,02-730-6658
통일연구원자료실,서울특별시 서초구 반포대로 217 통일연구원,02-2023-8209
포레스타2단지숲속별작은도서관,서울특별시 서초구 헌릉로8길 45 212동 지하1층,070-8107-0909
하늘샘 작은도서관,서울특별시 서초구 헌릉로8길 10-12 1층 8호,070-7701-8383
한국과학기술기획평가원정보자료실,서울특별시 서초구 마방로 68 동원산업빌딩 9층,02-589-2269
한국교과서연구재단교과서정보관,"서울특별시 서초구 강남대로 547, 4층",02-2651-1953
한국도서관협회도서관,서울특별시 서초구 반포대로 201,02-535-4481
한국문화위원회예술자료원,서울특별시 서초구 남부순환로 2406 예술의전당 디자인미술관 2~3층,02-760-4750
한국부동산연구원부동산정보센터,서울특별시 서초구 강남대로 587 kcc빌딩 9층,02-520-5073
한국세무사회조세도서관,서울특별시 서초구 명달로 105 4층,02-587-6021
한국자동차산업협회도서관,서울특별시 서초구 반포대로 25 자동차회관 5층 자료실,02-3660-1800
한국형사정책연구원도서실,서울특별시 서초구 태봉로 114,02-3460-5135
현대자동차그룹도서관,서울특별시 서초구 헌릉로 12,02-3464-2845
금호1가동북카페책단지꿀단지,서울특별시 성동구 행당로 15 금호1가동주민센터 1층,02-2286-7343
금호2.3가어린이작은도서관,"서울특별시 성동구 무수막18길 1 금호2,3가동주민센터 2층",02-2286-7364
금호4가어린이작은도서관,서울특별시 성동구 독서당로46길 26 금호4가동주민센터 3층 ,02-2286-7383
꿈샘작은도서관,서울특별시 성동구 한림말길 33 1층 ,02-2299-0817
꿈터어린이도서관,서울특별시 성동구 사근동9가길 23 별관 1층,02-2292-8115
독서당 작은도서관,서울특별시 성동구 독서당로 63길 57-1,
뚝섬 작은도서관,"서울특별시 성동구 성수이로 108, 3층",02-463-6958
라보 작은도서관,"서울특별시 성동구 성수일로12길 20, 2층 헬로우뮤지움",02-3217-4222
마장동작은도서관,서울특별시 성동구 마장로42길 11 마장동주민센터 2층,02-2286-7556
무학도서관,서울특별시 성동구 행당로 123 무학교회 별관 지하 1층,02-2139-0077
복합문화공간 청강엔(&),서울특별시 성동구 서울숲4길 13,
사근동어린이놀이터도서관,서울특별시 성동구 사근동길 45-8 사근동주민센터 사근동공공복합청사 지하 1층,02-2286-7267
서연푸른꿈터문고,서울특별시 성동구 독서당로 175 옥수그린상가 3층 서연교회 ,02-2291-9192
성동구립금호도서관,서울특별시 성동구 난계로 20,02-2204-6450
성동구립도서관,서울특별시 성동구 고산자로10길 9,02-2204-6420
성동구립무지개도서관,서울특별시 성동구 고산자로 270,02-2286-6025
성동구립성수도서관,서울특별시 성동구 뚝섬로1길 43,02-2204-7590
성동구립숲속도서관,서울특별시 성동구 매봉길 49-29,02-2204-6485
성동구립용답도서관,서울특별시 성동구 용답중앙3길 10,02-2204-6470
성동구립청계도서관,서울특별시 성동구 마장로 141,02-2204-7580
성락도서관,서울특별시 성동구 성수일로10길 33 성락성결교회 5층 506호 ,070-7491-5105
성수1가2동작은도서관,서울특별시 성동구 왕십리로 5길 3 성수1가2동주민센터 ,02-2286-7449
성수1가제1동작은도서관,서울특별시 성동구 뚝섬로3길 18 성수1가1동주민센터 2층 로비,02-2286-7433
성수2가제1동작은도서관,서울특별시 성동구 뚝섬로 385-19 성수2가1동주민센터 2층,02-2286-7463
성수2가제3동작은도서관,서울특별시 성동구 광나루로2길 35 성수2가3동주민센터 5층,02-2286-7498
송정동늘푸른작은도서관,서울특별시 성동구 송정14길 19 송정동주민자치회관 3층,02-2286-7516
어린이도서관책읽는엄마책읽는아이,서울특별시 성동구 매봉18길 11(금호동3가) 마을소통공간 산책 1층,02-2297-5935
옥수동 작은도서관,서울특별시 성동구 독서당로 203 옥수동 공공복합청사 5층(옥수동),02-2286-7418
올리브나무작은도서관,서울특별시 성동구 독서당로 227 옥수교회 4층 ,02-2297-2046
왕십리도서관,서울특별시 성동구 난계로 160 대한예수교장로회 왕십리교회  5층,02-2292-1011
왕십리도선동희망문고,서울특별시 성동구 마장로 141 왕십리도선동주민센터 2층 ,02-2286-7203
왕십리제2동작은도서관,서울특별시 성동구 무학봉길 69 왕십리2동주민센터 3층,02-2286-7223
용답동어린이작은도서관,서울특별시 성동구 용답중앙23길20 용답동주민센터 2층 ,02-2286-7523
응봉동어린이작은도서관,서울특별시 성동구 독서당로 424 응봉동주민센터 2층,02-2286-7338
작은도서관 그림,"서울특별시 성동구 둘레11길 10-24, 1층",02-463-3993
하이리딩 작은도서관,서울특별시 성동구 마장로39가길 40 ,02-6459-0101
행당2동어린이작은도서관,서울특별시 성동구 행당로9길 9 행당2동주민센터 ,02-2286-7303
곰세마리어린이도서관,서울특별시 성북구 삼선교로 54 본교회 3층,02-742-3385
글빛누리작은도서관,서울특별시 성북구 삼선교로16길 35 삼선SK뷰아파트 105동,070-7760-2233
글빛도서관,서울특별시 성북구 길음로7길 20,02-6906-0559
기쁨이자라는작은도서관,서울특별시 성북구 종암로9길 25 극동아파트 상가 202호,02-6083-6747
길상도서관,서울특별시 선잠로5길 68 길상사 ,02-3672-5945
길음1동새마을문고,서울특별시 길음로 92 길음1동주민센터 3층,02-2241-5466
길음2동새마을문고,서울특별시 성북구 삼양로2길 70 길음2동주민센터,02-2241-5485
길음뉴타운푸르지오도서관,서울특별시 성북구 길음로 119 길음뉴타운 1280번지 대우아파트 211동 앞,02-6224-2589
길음동 작은도서관,서울특별시 성북구 길음로15길 23 새생명교회 B1층,02-941-0272
길음동부센트레빌어린이글마당,서울특별시 성북구 숭인로2길 61 길음동동부센트레빌아파트 관리동 1층,02-982-0193
꿈의숲푸르지오키즈&맘북카페,서울특별시 성북구 오패산로 16가길 40 꿈의숲푸르지오아파트 ,02-942-9980
꿈터작은도서관,서울특별시 성북구 정릉로 305 경남아파트 상가 204호 3층,02-942-5978
꿈틀도서관,서울특별시 성북구 종암로 214-6 나눔의집 1층 꿈,02-941-5639
다슬도서관,서울특별시 성북구 장월로 89-10 1층,02-909-0739
달빛마루도서관,서울특별시 성북구 종암로 167 104동 2층,02-911-0993
대림아파트작은도서관,서울특별시 성북구 길음로 118 414동 지하1층,02-912-5597
대한불교진각종도서실,서울특별시 성북구 화랑로13길 17 대한불교진각종 장경각,02-913-0550
돈암2동새마을문고,서울특별시 성북구 흥천사길 7 돈암2동주민센터 2층,02-2241-5198
돌리네책빵,서울특별시 성북구 한천로82길 11 2층,02-957-9193
뒤죽박죽도서관,서울특별시 성북구 서경로2길 21 1층,02-942-7766
래미안석관북카페,서울특별시 성북구 화랑로 214 관리동(2층),02-959-9906
보문동새마을문고,서울특별시 성북구 안암로3길 35 보문동주민센터 2층,02-2241-5251
북악하늘작은도서관,"서울특별시 성북구 북악산로1다길 26, (정릉동) 현대빌리지 B01호",070-8806-8205
북적book적,"서울특별시 성북구 아리랑로 68(돈암동, 돈암 힐스테이트 아파트)",02-927-6237
삼선푸르지오작은도서관,서울특별시 성북구 보문로29다길 31 (삼선푸르지오아파트) ,02-743-2545
생명의전화종합사회복지관가족도서관,서울특별시 성북구 오패산로 21 생명의전화(종합복지관) 3층,02-916-9193(내선 323)
서경로꿈마루도서관,서울특별시 성북구 서경로 94-1(정릉동) ,02-6925-0300
석관동미리내도서관,서울특별시 성북구 한천로66길 203,02-960-5067
석관동새마을문고,서울특별시 성북구 화랑로 296 석관동주민센터 3층,02-2241-5766
성가소비녀회도서관,서울특별시 성북구 길음로9길 46 성가소비녀회 60주년기념성재덕관 2층,02-940-5841
성광작은도서관,서울특별시 성북구 보국문로16길 87 예수교 대한성결교회 성광교회,02-911-4206
성북길빛도서관,서울특별시 성북구 숭인로8길 52,02-6949-0031
성북동새마을문고,서울특별시 성북구 성북로 37 성북동주민센터 2층,02-2241-5038
성북동작은도서관,서울특별시 성북구 성북로 65-4(성북동) 성북중앙교회 2층,
성북이음도서관,서울특별시 성북구 보문로 168(삼선동5가) 성북구청 12층,02-6954-0023
성북점자도서관,서울특별시 성북구 동소문로25가길 20,"02) 923-4555 (내선 222, 223)"
성북정보도서관,서울특별시 성북구 화랑로18자길 13,02-962-1081
성신여자대학교박물관자료실,서울특별시 성북구 보문로34다길 2 성신여자대학교 박물관 행정관 4층,02-920-7325
세레니티문고,서울특별시 성북구 종암로23길 35 래미안 세레니티 205동 로비층,02-923-9324
소리마을작은도서관,서울특별시 성북구 삼양로9길 14-7 2층,02-909-3839
시온성 작은도서관,서울특별시 성북구 종암로30길 50 (종암동),02-909-3954
아띠작은도서관,서울특별시 성북구 서경로 63 2층,
아리랑도서관,서울특별시 성북구 아리랑로 82,02-3291-4990
아리랑어린이도서관,서울특별시 성북구 아리랑로 75,02-3291-4992
안암동새마을문고,서울특별시 성북구 고려대로 16(안암동2가) 안암동주민센터 2층,02-2241-5238
어울림북터작은도서관,"서울특별시 성북구 동소문로34길 73(돈암동, 길음역 금호어울림 센터힐) 103동",02-2051-5999
오동숲속도서관,서울특별시 성북구 화랑로13가길 110-10 (하월곡동),02-6952-1806
와글와글작은도서관,"서울특별시 성북구 길음로 141, (길음동, 신안아파트)",010-8627-3855
우리들문고작은도서관,서울특별시 성북구 돌곶이로 157 한전빌딩 4층,02-916-3004
월곡1동새마을문고,서울특별시 성북구 오패산로 96 월곡1동주민센터,02-2241-5598
월곡꿈그림도서관,서울특별시 성북구 화랑로13길 17 월곡꿈그림도서관,02-6949-1553
월곡두산공감작은도서관,서울특별시 성북구 오패산로 46,02-6229-5755
은혜로운 작은도서관,서울특별시 성북구 월곡로4길 17 1층,02-909-5905
작은도서관핸드인핸드,서울특별시 성북구 종암로14길 12-16 1층,070-4099-0732
장암교회쉴만한물가작은도서관,서울특별시 성북구 월곡로5길 39 대한예수교장로회장암교회 1층,02-913-4057
장월SH빌작은도서관,서울특별시 성북구 한천로 101길 54 장월SH빌1단지아파트 103동 ,02-913-1284
장위1동새마을문고,서울특별시 성북구 장위로 61 장위1동주민센터 2층,02-2241-5678
장위행복누림도서관,서울특별시 성북구 장위로21다길53,02-6954-7955
정든마을 작은도서관,서울특별시 성북구 솔샘로6길 18-8 2-3층,02-941-3131
정릉1동새마을문고,서울특별시 성북구 정릉로38마길 33 정릉1동주민센터 2층,02-2241-5318
정릉4동새마을문고,서울특별시 성북구 보국문로 106-1 정릉4동주민센터 2층,02-2241-5429
정릉도서관,서울특별시 성북구 정릉로 242,02-2038-9928
정릉푸르지오북카페,서울특별시 성북구 보국문로 19 정릉푸르지오아파트 관리동,070-8261-0579
정인꿈땅도서관,서울특별시 성북구 서경로6길 70(길음동) 1층,02-910-7708
종암2차SK뷰(아)작은도서관,서울특별시 성북구 종암로 24길 35 종암2차SK뷰아파트,02-909-2105
종암동새날도서관,서울특별시 성북구 종암로 98-8,02-6925-6920
종암동새마을문고,서울특별시 성북구 종암로 98-8 종암동주민센터 종암동 주민센터 2층,02-2241-5558
청수도서관,서울특별시 성북구 보국문로16가길 20,02-2038-4423
큰꿈도서관,서울특별시 은평구 진관2로 57-37(은평뉴타운우물골) 244동 지하1층 ,02-354-1651
푸른꿈작은도서관,서울특별시 성북구 삼선교로 59-1(삼선동 4가),
푸른하늘작은도서관,서울특별시 성북구 화랑로 38길 21,02-957-7225
하늘비전작은도서관,"서울특별시 성북구 지봉로20길 47, (보문동5가) 1층",070-7773-2311
한국과학기술연구원자료실,서울특별시 성북구 화랑로14길 5,02-958-6065
한뜰작은도서관,서울특별시 성북구 고려대로1길 17(보문동1가) 보문중앙교회 2층,02-922-1397
한신휴(아)북카페,서울특별시 성북구 동소문로 15길 99 한신휴아파트,02-6229-3131
해오름도서관,서울특별시 성북구 성북로4길 52,02-6025-7002
휴먼빌작은도서관,"서울특별시 성북구 아리랑로 89, (돈암동, 일신건영휴먼빌아파트) 106동 옆 ",02-921-4821
힐스테이트별빛작은도서관,서울특별시 성북구 낙산길 243-15 삼선힐스테이트아파트,070-7789-4203
Book積북적도서관,서울특별시 송파구 가락로 245 진성빌딩 2층 와이즈더샵상가 Y210호,070-4670-6589
KOBACO광고도서관,서울특별시 송파구 올림픽로35길 137 한국광고문화회관 4층,02-2144-0182
THEBRIDGE작은도서관,서울특별시 송파구 동남로24길 11 2층,070-4459-8829
가락2동새마을문고(로즈마리작은도서관),서울특별시 송파구 중대로20길 6 가락2동주민센터 1층 ,02-431-4446
가락몰도서관,서울특별시 송파구 양재대로 932 서울시농수산식품공사 가락몰 업무동 4층,"02-3435-0950, 0956"
가락본동새마을문고(글향기작은도서관),서울특별시 송파구 송파대로28길 39 가락본동주민센터 1층 ,02-448-9116
가락쌍용,서울특별시 송파구  동남로 193 ,
거마도서관,서울특별시 송파구 거마로2길19,02-449-2332
거여1동새마을문고,서울특별시 송파구 오금로53길 32 거여1동주민센터 3층,02-449-8025
거여2동새마을문고(거여2동작은도서관),서울특별시 송파구 거마로2길 19 거여2동주민센터 2층,02-443-7240
거여3단지SH,서울특별시 송파구 양산로2길 44,02-400-6950
겨자씨,서울특별시 송파구 오금로 407,
경찰병원의학도서실,서울특별시 송파구 송이로 123 경찰병원 본관 2층,02-3400-1126
고려작은도서관,서울특별시 송파구 백제고분로 11길 35 ,
글벗SH작은도서관,서울특별시 송파구 위례순환로 477 위례포레샤인아파트 2302동 1층,02-402-1881
꿈꾸는작은도서관,서울특별시 송파구 동남로 280 성진빌딩 4층,02-449-5863
꿈이자라는땅작은도서관,서울특별시 송파구 마천로35길 19 비손빌딩 2층 ,070-7656-5669
누리미좋은물결작은도서관,서울특별시 송파구 성내천로 230 4층,02-408-2442
다우리작은도서관,서울특별시 송파구 성내천로 100 진미식품 143-6,02-403-4376
대한체육회작은도서관,서울특별시 송파구 올림픽로 424 올림픽회관 10층,02-2144-8059
더미소작은도서관,서울특별시 송파구 오금로35길 17 오금현대아파트B상가 205,02-3401-0691
더믹스만드는작은도서관,서울특별시 송파구 삼전로 38 2층,
돌마리도서관,서울특별시 송파구 백제고분로 37길 16,02-414-7007
레미니스SH작은도서관,서울특별시 송파구 성내천로 6 송파레미니스 103-905,02-403-5102
마중물작은도서관,서울특별시 송파구 한가람로 478 2층,02-743-4239
마천1동새마을문고,서울특별시 송파구 마천로 303 마천1동주민센터 1층 ,02-406-2332
마천2동새마을문고(글수레작은도서관),서울특별시 송파구 마천로 287 마천2동 주민센터 2층,02-430-6880
마천하늘꿈작은도서관,서울특별시 송파구 거마로 22길 49 범양빌딩 하늘사닥다리교회 3층,
문정1동새마을문고(느티나무작은도서관),서울특별시 송파구 동남로 116 문정1동주민센터 2층 ,02-448-6960
문정2동새마을문고(숯내작은도서관),서울특별시 송파구 중대로 16 문정2동 주민센터 1층 ,02-2147-4540
방이1동새마을문고,서울특별시 송파구 위례성대로16길 22 방이1동주민센터 2층 ,02-421-3206
방이2동새마을문고(방이2동작은도서관),서울특별시 송파구 백제고분로 495 방이2동주민센터 1층 ,02-416-5405
쁘레네작은도서관별찌,"서울특별시 송파구 오금로46길 11, 2층 202호",02-431-7505
삼전동새마을문고(삼학사작은도서관),서울특별시 송파구 백제고분로 236 삼전동주민센터 2층 ,02-3431-8686
새비전도서관,서울특별시 송파구 거마로7길 44(거여동) 2층,070-8952-8028
서울동부지방법원도서실,서울특별시 송파구 법원로 101 서울동부지방법원 5층,02-2204-2133
서울역사편찬원서울역사자료실,서울특별시 송파구 올림픽로 424 올림픽공원 내,02-413-9625
서울특별시교육청송파도서관,서울특별시 송파구 동남로 263,02-3434-3333
소나무언덕1호작은도서관,서울특별시 송파구 올림픽로47길9 3층,02-475-0266
소나무언덕2호도서관,서울특별시 송파구 석촌호수로 155 잠실3동 자치회관 2관 2층,02-424-0083
소나무언덕3호도서관,서울특별시 송파구 성내천로 319 4층,02-443-0130
소나무언덕4호작은도서관,서울특별시 송파구 송이로 34 구 송파2동치안센터,02-419-5100
소나무언덕잠실본동도서관,"서울특별시 송파구 탄천동로 205 (잠실빗물펌프장 관사동 1,2층)",02-412-0750
송파 꿈꾸는 작은도서관,"서울특별시 송파구 동남로 341, 송파레미니스 2단지 주민공동시설 1의 2층 ",
송파1동새마을문고,서울특별시 송파구 백제고분로392 송파1동주민센터 2층 ,02-420-7758
송파2동새마을문고,서울특별시 송파구 송이로 32 송파2동주민센터 2층,02-416-7144
송파글마루도서관,서울특별시 송파구 충민로 120,02-449-8855
송파꿈에그린작은도서관,서울특별시 송파구 위례광장로 121 2401동 1층,02-406-3114
송파두리호수,서울특별시 송파구 위례송파로 80,
송파어린이도서관,서울특별시 송파구 올림픽로 105 (잠실동 19-6),02-418-0303
송파어린이영어도서관,서울특별시 송파구 오금로 1(신천동) 신천빗물펌프장 4~5층,02-415-3567
송파위례도서관,"서울특별시 송파구 장지동 위례광장로 210 위례동복합청사 4, 5층",02-402-3003
송파파크데일1단지도서관,서울특별시 송파구 성내천로37길 37 송파파크데일1단지 582,02-407-1998
송파한라비발디작은도서관(위례22단지),서울특별시 송파구 위례광장로 163 아파트관리사무소 아파트 관리사무소(위례동 주민센터 옆),02-449-2210
스토리빈작은도서관,서울특별시 송파구 중대로 56 국제빌딩 2층 203호 ,02-3012-3059
스토리지작은영어도서관,서울특별시 송파구 문정로13길 15 102,02-448-9183
아름다운꿈작은도서관,서울특별시 송파구 마천로 305 3층 3층,02-3402-1357
예꿈틀어린이도서관,"서울특별시 송파구 오금로46길 28, 중원빌딩3층 ",02-2203-3927
예인작은도서관,서울특별시 송파구 문정로11길 16 신안빌라상가 2층 201호 ,070-8624-0607
오금동새마을문고(오동나무작은도서관),서울특별시 송파구 중대로25길 5 오금동주민센터 2층 ,02-401-2910
오륜동새마을문고,서울특별시 송파구 양재대로 1232 오륜동주민센터 3층,02-401-6302
우리 작은도서관,"서울특별시 송파구 마천로41길17, 3층(영흥교회) 3층",02-400-0701
울산의대아산의학도서관,서울특별시 송파구 올림픽로43길 88 아산병원 아산교육연구관 내,02-3010-4225
위례글숲,서울특별시 송파구 위례송파로40,
은송愛書家작은도서관,서울특별시 송파구 올림픽로49길 8 지하1층 ,02-474-2563
이사랑나눔도서관,서울특별시 송파구 마천로 291(마천동) 거여제일교회 마천빌딩 3층,02-401-2822
이편한세상송파파크센트럴,서울특별시 송파구 오금로 551,
잠실3동새마을문고,서울특별시 송파구 잠실로 51-29 잠실3동주민센터 2층 ,02-416-3942
잠실4동새마을문고,서울특별시 송파구 올림픽로35길 16 잠실4동주민센터 2층,02-3431-8354
잠실6동새마을문고(장미마을작은도서관),서울특별시 송파구 올림픽로35길 120 잠실6동주민센터 3층 ,02-3431-4870
잠실7동새마을문고,서울특별시 송파구 올림픽로4길 17 송파문화원 1층 ,02-412-2764
잠실본동새마을문고,서울특별시 송파구 백제고분로15길 9 잠실본동주민센터 1층,02-416-8198
잠실참좋은작은도서관,서울특별시 송파구 올림픽로 145 리센츠상가 5층 22호 ,02-412-0691
장지동새마을문고,서울특별시 송파구 새말로19길 6 장지동주민센터 2층 ,02-401-4484
좋은맘,서울특별시 송파구 위례광장로 170,
주님의교회문고,"서울특별시 송파구 올림픽로4길 16, 주님의 교회 5층 ",02-416-5181
즐거운가작은도서관,서울특별시 송파구 새말로 149-1(문정동) 지층,070-4192-1318
지샘터올림픽공원도서관,서울특별시 송파구 올림픽로 424(방이동) 스포츠비즈홀 1층,02-2180-3578
참벗영어작은도서관,서울특별시 송파구 백제고분로46길 20 3층,02-414-8927
참좋은작은도서관,서울특별시 송파구 송이로 26길 16-68 지층,02-409-1070
책읽는나무의자,서울특별시 송파구 토성로19길 7 지하,02-471-2310
푸른도서관,서울특별시 송파구 위례광장로 185 2층 ,409-9280
풍납1동새마을문고(바람드리작은도서관),서울특별시 송파구 천호대로152길 7 풍납1동주민센터 솔바람복지관1층,02-477-4221
하늘꿈작은도서관,서울특별시 송파구 오금로 473,02-443-2046
하품작은도서관,"서울특별시 송파구 새말로 6길 5, 송파교회(문정동71-5) ",
한국근현대사작은도서관,서울특별시 송파구 중대로20길 51 지하1층,070-8154-2000
한성백제박물관정보자료실,서울특별시 송파구 위례성대로 71 한성백제박물관 지하2층,02-2152-5861
한아람작은도서관,서울특별시 송파구 성내천로47길 38 송파파크데일2단지 607,02-430-1998
헬리오시티작은도서관,"서울특별시 송파구 송파대로 345 (407동 지하 관리사무소옆, 에듀존)  지하",02-403-8330
7단지 작은도서관,서울특별시 양천구 목동로 212(목동) ,02-2646-2367
K-Culture 작은도서관,서울특별시 양천구 목동로3길 57 ,02-2646-0365
갈산도서관,서울특별시 양천구 목동남로4길 48-6,02-2645-5919
개울건강도서관,서울특별시 양천구 중앙로52길 56,02-2603-5919
고맙습니다 신정3동 작은도서관,서울특별시 양천구 중앙로 209 신정3동주민센터 2층,02-2699-6855
고운달작은도서관,서울특별시 양천구 곰달래로1길 38 신월1동주민센터 2층,02-2620-4069
고운맘작은도서관,서울특별시 양천구 중앙로53길 47 신월2동주민센터 2층,02-2694-5454
그루터기,서울특별시 양천구 신정이펜2로 55 ,02-2606-0289
글바라기 (이펜1),서울특별시 양천구 신정이펜1로 99(신정동) ,02-2601-0798
기쁨을나누는작은도서관,서울특별시 양천구 월정로 62(신월동) ,02-2692-2369
깐 작은도서관,서울특별시 양천구 지양로7길 27 (신월동),
꿈꾸는도서관,서울특별시 양천구 신월로24길 19 상아아름아파트 B101,070-4755-3705
꿈자람작은도서관,서울특별시 양천구 목동중앙남로16나길 55 목3동주민센터 2층,02-2654-3970
넓은들 작은도서관,서울특별시 양천구 남부순환로88길 5-7 현장민원실 1층,02-2618-1307
달마을작은도서관,서울특별시 양천구 목동중앙본로 120 목2동주민센터 2층,02-2620-3979
달빛마을작은도서관,서울특별시 양천구 남부순환로54길 5 신월3동주민센터 2층,02-2620-4108
마을도서관 (학마을2단지) - 장기휴관,서울특별시 양천구 신정로14길 1(신정동) ,02-2696-8412
마을속 도서관 나무그늘 (이펜3),서울특별시 양천구 신정이펜1로 50(신정동) ,070-7659-0851
목1동도서방,서울특별시 양천구 목동서로 192 목1동주민센터 2층,02-2620-3947
목마교육도서관,서울특별시 양천구 목동서로 41 목5동주민센터,02-2652-5919
미감도서관,서울특별시 양천구 목동중앙남로 57-10(목동) 목사랑시장고객주차장 및 공유센터 3층,02-2653-5919
방송통신심의위원회자료실,서울특별시 양천구 목동동로 233 한국방송회관 17층 자료실,02-3219-5295
방아다리문학도서관,서울특별시 양천구 화곡로4길 10,02-2604-5919
사랑방문고 (이펜5),서울특별시 양천구 신정이펜1로 27(신정동) ,02-2602-0293
새희망작은도서관,서울특별시 양천구 지양로 96(신월동) ,02-2601-8291
생명샘 작은도서관,서울특별시 양천구 목동중앙본로3길 10(목동) ,02-2653-1531
서울특별시교육청양천도서관,서울특별시 양천구 목동서로 113,02-2062-3900
소담 작은도서관,서울특별시 양천구 목동중앙본로20길 61(목동) 102호,02-6080-2017
숲 속 북카페,서울특별시 양천구 신정로 110(신정동) ,02-2060-6913
신월7동도서방,서울특별시 양천구 남부순환로70길 16-3 신월7동주민센터 남부순환로 70길 16-3,02-2698-8338
신월음악도서관,서울특별시 양천구 오목로5길 34,02-2691-5919
신정1동그린나래작은도서관,서울특별시 양천구 중앙로32길 1 신정1동주민센터 중앙로 32길 1,02-2084-5387
신정6동도서방,서울특별시 양천구 목동서로 353 목동서로 353,02-2620-4303
신정7동도서방,서울특별시 양천구 목동동로 37 목동동로 37,02-2620-4327
아인어린이작은도서관,"서울특별시 양천구 신정로 13길 21, 3층 ",02-2603-7200
양천중앙도서관,서울특별시 양천구 신정로7길 81,02-2699-5919
에듀카페맘,"서울특별시 양천구 월정로48길 15-2 1,2층",02-792-7937
에듀카페맘작은도서관,서울특별시 양천구 월정로48길 15-2,02-792-7933
엘벧엘 T.C.S. 작은도서관,서울특별시 양천구 지양로2길 30  ,02-2606-7591
연세 작은도서관,서울특별시 양천구 오목로 64-3(신월동) 2층,02-2695-9191
영어특성화도서관,서울특별시 양천구 목동동로 81 해누리타운 7층 양천영어도서관 및 영어체험센터,02-2642-5919
와라미 중영 어린이도서관,서울특별시 양천구 목동중앙본로3길 10,
은행정책마당,서울특별시 양천구 오목로 110 2층,02-2665-0748
이레작은도서관,서울특별시 양천구 목동중앙남로 57-7 ,02-2653-8009
작은도서관내일새싹,서울특별시 양천구 월정로50길 6(신월동) ,02-2063-3333
지양마을작은도서관,서울특별시 양천구 지양로17길 33 지양로17길33,02-2692-1704
책읽는쉼터,서울특별시 양천구 목동동로 10 목동신시가지아파트11단지 관리사무소,02-2655-0427
토라작은도서관,서울특별시 양천구 목동동로 171-3,
푸른나래어린이도서관,서울특별시 양천구 남부순환로 340 일성빌딩 3층,02-2694-7909
푸른마을해바라기작은도서관(푸른마을1단지),서울특별시 양천구 신정로7길 70 푸른마을아파트 1단지,02-2060-7183
한사랑작은도서관,서울특별시 양천구 목동동로 33 ,02-2648-5244
한어울터(신정이펜4단지),서울특별시 양천구 신정이펜1로 51 신정이펜하우스 4단지,02-2604-1185
해맞이역사도서관,서울특별시 양천구 지양로 37,02-2693-5919
행복둥지 작은도서관,서울특별시 양천구 신월로24길 8 304호,
행복한도서관,서울특별시 양천구 목동로15길 16-1 지층,070-7524-6061
호롱불작은도서관,서울특별시 양천구 목동동로 152 신정2동주민센터 목동동로 152,02-2620-4229
H HOUSE 라이브러리,서울특별시 영등포구 시흥대로 595 대림뉴스테이 201호,848-9166
KBS도서관,서울특별시 영등포구 여의공원로 13 한국방송공사 내,02-781-1661
e편한세상영등포아델포레작은도서관,서울특별시 영등포구 신길로29,02-849-9824
국회도서관,서울특별시 영등포구 의사당대로 1,02-788-4211
금융감독원자료실,서울특별시 영등포구 여의대로 38,02-3145-5993
꿈나무작은도서관,서울특별시 영등포구 도림로39길 9,02-848-8691
꿈이있는 작은도서관,서울특별시 영등포구 신풍로16길 1 ,02-833-7213
꿈이있는도서관,서울특별시 강서구 강서로47길 108 마곡수명산파크 1단지,02-2667-1114
꿈터마을도서관,서울특별시 영등포구 도림로 264 신길5동주민센터,02-836-1005
나무야작은도서관,"서울특별시 영등포구 영신로 19길24,2층",02-848-0815
당산1동 공립작은도서관,서울특별시 영등포구 양산로23길 11,02-2677-7916
당산2동 공립작은도서관,서울특별시 영등포구 당산로41가길 77,02-2632-2276
"당성책세상, 우리세상 문고",서울특별시 영등포구 당산로 16길 25 2층,02-2675-9191
대림1동작은도서관,서울특별시 영등포구 디지털로436,835-8290
대림2동작은도서관,서울특별시 영등포구 대림로23길25 어린이집 4층,02-832-1215
대림도서관,서울특별시 영등포구 도신로 27,02-828-3700
도란도란 에스티움 작은도서관,서울특별시 영등포구 신풍로 77 ,02-849-9571
동네작은도서관,서울특별시 영등포구 당산로 214 당산 삼성래미안 4차아파트 상가1동 B1호 ,
두껍아두껍아어린이도서관,서울특별시 영등포구 디지털로 412 2층 ,02-2631-2534
두날개작은도서관,서울특별시 영등포구 가마산로 333 유현빌딩 3층,02-824-3796
드나드리마을도서관,서울특별시 영등포구 신길로42길 1 신길4동주민센터 209-102,02-849-0394
마음서랍마을도서관,서울특별시 영등포구 여의대방로43길10 신길7동 주민센터 5층,070-8895-1186
목화마을작은도서관,"서울특별시 영등포구 선유로13길 25, (문래동6가) 에이스하이테크시티2차 218호",02-811-7410
문래도서관,서울특별시 영등포구 문래로20길 49,02-2629-8600
문래동작은도서관,서울특별시 영등포구 도림로141가길 16,02-2068-8919
문래자이문고,서울특별시 영등포구 문래동3가 54번지 102-1,02-2671-4550
밤동산작은도서관,서울특별시 영등포구 여의대방로61길 18-2,02-849-9716
보험연구원(kiri),서울특별시 영등포구 국제금융로6길 38 화재보험협회 8층,02-3775-9113
북마크어린이도서관,서울특별시 영등포구 선유로277-9 ,2678-6378
생각나무마을도서관,서울특별시 영등포구 신길로41라길 13-8 신길3동주민센터 2층,070-8895-1185
서울특별시교육청영등포평생학습관,서울특별시 영등포구 버드나루로15길 10,02-6712-7500
서울하우징랩SH 작은도서관,"서울특별시 영등포구 영신로 183, 서울하우징랩",02-2135-5699
선유도서관,서울특별시 영등포구 선유로43가길 10-8,02-2163-0800
신길1동작은도서관,서울특별시 영등포구 영등포로84길 24-5 신길종합사회복지관,070-8895-1184
신길6동작은도서관,서울특별시 영등포구 대방천로 193 구립신길6동복지회관,02-835-7476
쌍용도서관,서울특별시 영등포구 도영로7길 15 쌍용플레티넘시티 104동 2층 ,
양평1동작은도서관,서울특별시 영등포구 영등포로 11길 12 양평1동주민센터 211-1,02-3667-9996
양평2동작은도서관,서울특별시 영등포구 선유로47길30 양평2동주민센터4층,02-2679-5252
언니네작은도서관,서울특별시 영등포구 대림로35길 13 2층 미루빌딩 4층,02-715-6210
에듀까페맘작은도서관,서울특별시 영등포구 대방천로 140-1 신길동,
여의동작은도서관,서울특별시 영등포구 국제금융로 124 여의동주민센터 3층,02-784-2268
여의샛강도서관,서울특별시 영등포구 여의대로 24 전국경제인연합회 후생복지동,02-2629-2222
영등포동작은도서관,서울특별시 영등포구 국회대로44길4 자치회관 1층,02-2636-8222
영등포본동작은도서관,서울특별시 영등포구 신길로61길 17 영등포본동주민센터 3층,02-847-8883
영등포생각공장도서관,서울특별시 영등포구 문래북로 105 영등포구어울림센터 지상1~3층,02-2069-1893
요셉의원작은도서관,서울특별시 영등포구 경인로 100길 6 ,
입암도서관 (구 도림도서관),서울특별시 영등포구 도영로 37 도림교회 사회봉사관 2층,02-2181-6097
조롱박작은도서관,서울특별시 영등포구 대림로8길 13-1,02-849-8935
조이비전스쿨 작은도서관,서울특별시 영등포구 국제금융로 112,
주택산업연구원도서관,"서울특별시 영등포구 국제금융로8길 25, 주택건설회관 10층",02-3215-7619
쪼물왕국 어린이도서관,서울특별시 영등포구 선유로53길 34-14 ,6408-7205
청소년문화의집작은도서관,서울특별시 영등포구 영등포로64길 15 청소년문화회관내 1층 문고,02-843-5935
큰숲작은도서관,서울특별시 대림로 31길 40,
포레나라곰작은도서관,서울특별시 영등포구 국회대로50길20 3층,02-2069-1625
한국가정법률상담소도서실,서울특별시 영등포구 국회대로76가길 14,02-780-5688
한국경제연구원정보자료센터,서울특별시 영등포구 여의대로 24 전경련회관 45층,02-3771-0001
한국노동조합총연맹도서관,서울특별시 영등포구 국제금융로6길 26,02-6277-0067
한국소방안전협회자료실,서울특별시 영등포구 영중로 170 한국소방안전협회 5층 자료실,02-2671-8610
한국화재보험협회자료실,서울특별시 영등포구 국제금융로6길 38 화재보험협회,02-3780-0313
한림대학교강남성심병원도서실,서울특별시 영등포구 신길로 1,02-829-5091
한믿음도서관,서울특별시 영등포구 대방천로12길 5-2 ,02-847-8228
한화생명정보자료실,서울특별시 영등포구 63로 50 63한화생명빌딩 4층 한화생명 정보자료실,02-789-7531
해오름어린이작은도서관,서울특별시 영등포구 당산로44길 3 608,02-2679-6270
홍우 작은도서관,서울특별시 영등포구 국제금융로 78 601,02-782-1248
U+Library,"서울특별시 용산구 한강대로 32, (한강로3가)  LG유플러스 1층",070-4080-3004
고래이야기 작은도서관,서울특별시 용산구 효창원로 157(효창맨숀아파트) 1층,070-8950-0615
국립중앙박물관도서관,서울특별시 용산구 서빙고로 137,02-2077-9328
국립한글박물관한글도서관,서울특별시 용산구 서빙고로 139 국립한글박물관,02-2124-6461
국방부군사편찬연구소정보자료실,서울특별시 용산구 이태원로 29 전쟁기념관 4층,02-709-3187
국방부도서실,서울특별시 용산구 이태원로 22,02-748-5039
단꿈 작은도서관,서울특별시 용산구 두텁바위로1길 70(후암동) 2층,02-3789-1216
백범김구기념관자료실,서울특별시 용산구 임정로 26,02-799-3430
별밭 작은도서관,서울특별시 용산구 대사관로34길 49(한남동) 4층,02-2199-8740
북카페 청마루,서울특별시 용산구 녹사평대로 150(용산구종합행정타운) 10층 ,02-2199-8967
서빙고동 작은도서관,서울특별시 용산구 서빙고로 279(서빙고동 주민센터) 1층,02-2199-8687
서울비전문고,서울특별시 용산구 원효로71길 24(원효로2가) 서울비전교회 1층,02-703-9641
서울특별시교육청남산도서관,서울특별시 용산구 소월로 109,02-754-7338
서울특별시교육청용산도서관,서울특별시 용산구 두텁바위로 160,02-6902-7777
순천향대학병원의학도서관,서울특별시 용산구 대사관로 59 순천향대학병원 향설교육관 3층,02-709-9797
시민과함께하는연구자의집작은도서관,서울특별시 용산구 한강대로53길 5(한강로2가) 부림빌딩 5층 ,070-4178-1073
오렌지나무 작은도서관,서울특별시 용산구 새창로12길 13(용문동 주민센터) 1층,02-2199-8754
용산e편한세상북카페,서울특별시 용산구 원효로 216(용산e편한세상)  109동 1층,070-8899-8842
용산꿈나무도서관,"서울특별시 용산구 백범로329(원효로1가, 꿈나무타운) 3층",02-707-0138
용암 어린이 영어도서관,서울특별시 용산구 신흥로3가길 21-7(용산동2가) 2층,02-798-4181
원동글마루 작은도서관,"서울특별시 용산구 원효로64길 25, (원효로2가) 대한예수교 장로회 원동교회",02-713-8172
원효로제2동 작은도서관 두드림,서울특별시 용산구 효창원로8길 3(원효로제2동 주민센터) 4층 ,02-2199-8755
이촌2동 작은도서관,서울특별시 용산구 이촌로18길 20(이촌2동 주민센터) 2층,02-2199-8756
이태원글빛 작은도서관,서울특별시 용산구 이태원로15길 1(이태원동) 이태원교회 2층,02-795-9146
일본국제교류기금서울문화센터문화정보실,서울특별시 용산구 한강대로 366 트윈시티남산 오피스동 2층,02-397-2860
작은도서관 꿈꾸는책마을,서울특별시 용산구 장문로 95(보광동 주민센터) 1층,02-2199-8747
주한독일문화원도서관,서울특별시 용산구 소월로 132,02-2021-2804
주한미국대사관아메리칸센터,서울특별시 용산구 한강대로72길 3,02-397-4649
청소년푸르미르 작은도서관,서울특별시 용산구 이촌로 71길 24 (청소년수련관) 5층,02-749-0102
청파 어린이 영어도서관,서울특별시 용산구 청파로49길 34(청파동) 4층,02-702-0641
청파도서관,서울특별시 용산구 청파로93길 27(서계동) 1층,02-714-3931
한강로동 작은도서관,서울특별시 용산구 한강대로38길 28(한강로동 주민센터) 3층,02-2199-8743
한남동 작은도서관,서울특별시 용산구 이태원로 224-19(한남동 공영주차장) 2층,02-2199-8742
해다올 작은도서관,서울특별시 용산구 신흥로 90(용산2가동 주민센터) 지하 1층,02-2199-8739
햇빛꿈이있는 도서관,서울특별시 용산구 효창원로86가길 28(청파동교회)  1층,02-706-1344
회나무 작은도서관,서울특별시 용산구 회나무로13길 58(이태원2동 주민센터) 1층,02-2199-8759
효창동 작은도서관,서울특별시 용산구 효창원로 161(효창동 주민센터) 3층,02-2199-8753
후암동 작은도서관 북&캠프,서울특별시 용산구 후암동 후암로 32-6(후암동 주민센터) 2층,02-2199-8758
Book Bridge 작은 도서관,"서울특별시 은평구 통일로 590, B동 204호 ",010-4264-****
고리마루작은도서관,서울특별시 은평구 갈현로 301(갈현1동청사및문화의집) 갈현1동 주민센터,02-351-5116
구산동도서관마을,서울특별시 은평구 연서로 13길 29-23,02-357-0100
그루터기작은도서관,"서울특별시 은평구 은평로10길 17, 2층",
꿈꾸는i작은도서관,서울특별시 은평구 진관3로 46 은평제일교회,02-353-2829
꿈꾸는작은도서관,서울특별시 은평구 진흥로 1길 17 지하 1층 ,070-7518-2148
꿈담은작은도서관,서울특별시 은평구 연서로 41길 4(지층) ,
꿈마루 작은 도서관,서울특별시 은평구 진흥로 5길 19 ,
꿈샘도서관,서울특별시 은평구 응암로 20길 24 ,02-376-9191
꿈지락작은도서관,서울특별시 은평구 진관1로 77-8 은평뉴타운폭포동아파트 402동 1층 ,
나누리작은도서관,"서울특별시 은평구 진관1로 55, (진관동, 은평뉴타운 마고정)",
내를건너서숲으로도서관,서울특별시 은평구 증산로17길 50,02-307-6701~2
녹번만화도서관,서울특별시 은평구 은평로 245 은평소방서 옆,02-356-1676
다니엘작은도서관,서울특별시 은평구 연서로 41길 13-3 부림교회 부림교회,02-385-0664
다섯콩작은도서관,서울특별시 은평구 서오릉로4길 10 성암교회교육관 2층 성암비전센터 2층 다섯콩도서관,02-384-1184
대조꿈나무어린이도서관,서울특별시 은평구 연서로20길 24-6,02-382-3959
대조제일교회꿈꾸는도서관,서울특별시 은평구 역말로10가길 22-12 ,02-386-6680
두근두근작은도서관,"서울특별시 은평구 진관2로 90, (진관동, 은평뉴타운 마고정) 마고정3단지아파트 314동 지층문고",070-7325-1307
두드림도서관,서울특별시 은평구 진관3로 15-35 은평뉴타운구파발아파트 1001동 1층 ,02-358-9559
래미안푸른숲도서관,"서울특별시 은평구 진관3로 77, 1층(은평뉴타운구파발아파트) 924동 1층",070-8800-8557
롯데캐슬문고,"서울특별시 은평구 진관3로 70, 830동 1층(1지구)",
마고정작은도서관,"서울특별시 은평구 진관2로 60, 335동 1층 관리소 334동",02-353-1346
매바위북카페,서울특별시 은평구 백련산로 100 응암2동주민센터 ,02-351-5245
모퉁이작은도서관,"서울특별시 은평구 진관4로 48-51, (진관동, 은평뉴타운상림마을) 730동 1층",02-351-3995
무지개영어도서관,서울특별시 은평구 서오릉로21길11 ,02-383-4880
물빛마을작은도서관,서울특별시 은평구 은평터널로 48 은평종합사회복지관 4층 4층,02-307-1181
물푸레작은도서관,"서울특별시 은평구 진관4로 48-51, 742동(은평뉴타운상림마을) 1층 ",02-356-9410
바다의별작은도서관,서울특별시 은평구 통일로 786 천주교불광동교회 천주교불광동교회,02-355-0545
백련산힐스작은도서관,서울특별시 은평구 백련산로 38 백련산 힐스테이트 2차 208동 1층 208동 지하1층,02-302-0950
북한산힐스테이1차솔숲작은도서관,서울특별시 은평구 불광로2길 33 북한산힐스테이트1차아파트 1110동 지하 ,02-356-4620
불광천작은도서관,서울특별시 은평구 응암동 586-10 (불광천 휴게데크 위),02-308-3117
비전뜰도서관,서울특별시 은평구 통일로92길 6,02-388-4741
사랑꿈터 작은도서관,서울특별시 은평구 진관4로 47 706동 1층) ,
산책마을SH작은도서관,서울특별시 은평구 연서로 46길 7 1110동 B1,02-351-3677
상림6작은도서관,"서울특별시 은평구 진관4로 107,621동 1층(은평뉴타운상림마을) 621동 1층",02-355-5905
상림도서관,서울특별시 은평구 진관4로 48-25 공원관리사무실 내,02-383-7557~8
상림책마루작은도서관,서울특별시 은평구 진관4로 17(은평뉴타운상림마을) 811동 1층 주민편의시설,02-355-2281
새자람작은도서관,"서울특별시 은평구 대서문길 36, (진관동) 116동 201호",02-383-5586
샘터작은도서관,서울특별시 은평구 진관2로 111-7(은평뉴타운우물골) 220동 지하1층 ,02-353-1572
서문어린이도서관,서울특별시 은평구 가좌로10길 10 서문교회 ,02-375-0025
서영영어전문작은도서관,서울특별시 은평구 증산로11길 7-12 서영교회 1층,02-373-7494
성산작은도서관,서울특별시 은평구 증산서길 90(성산교회) ,02-305-9200
솔빛도서관,서울특별시 연서로 487 524동 1층(3지구) ,02-358-8146
수색한숲도서관,서울특별시 은평구 은평터널로 66 대림한숲타운아파트 제2관리사무소 관리동 1층 ,02-304-8684
숲속향기작은도서관,서울특별시 은평구 연서로48길 12 은평뉴타운제각말아파트 501동 앞,070-8931-8473
시루뫼쉼터,서울특별시 은평구 증산서길 89 증산동주민센터 5층 ,02-351-5395
신사어린이도서관,서울특별시 은평구 은평로 38 신사종합사회복지관 26-18,070-4757-7026
어린이도서관동네북,서울특별시 은평구 진흥로 174 양광비전센터 3층 ,070-4652-3160
역마루작은도서관,서울특별시 은평구 연서로 59(역촌동주민센터) 역촌동 주민센터,02-351-5329
영광영재도서관,서울특별시 은평구 갈현로7가길 10 제일영광교회,02-354-8091
우물골작은도서관,서울특별시 은평구 진관2로 77(은평뉴타운우물골) 206동 1층,02-353-1548
은광교회도서관,서울특별시 은평구 통일로 68길 11 ,02-383-2116
은뜨락도서관,서울특별시 은평구 통일로 972,02-389-7635
은평구립도서관,서울특별시 은평구 통일로78가길 13-84,02-385-1671~4
은평노인종합복지관작은도서관,"서울특별시 은평구 연서로 415, (진관동) 은평노인종합복지관1층",02-385-1351
은평뉴타운5단지문고,"서울특별시 은평구 진관4로 87, 629동 1층(은평뉴타운상림마을) 629동 1층(1지구)",02-355-3644
은평뉴타운도서관,서울특별시 은평구 진관2로 111-51,02-6341-6400
은평뉴타운상림마을제7단지문고,"서울특별시 은평구 진관4로 100, 608동 1층(은평뉴타운상림마을) ",02-388-5951
은평어린이영어도서관,서울특별시 은평구 서오릉로 87(은평구평생학습관) 1층,02-351-3674
은평작은도서관,"서울특별시 은평구 은평로 195, (녹번동) 은평구청 1층",02-351-8461
응암1동은평문화의집작은도서관,서울특별시 은평구 백련산로 179 응암1동주민센터 ,02-351-5238
응암도서관,서울특별시 은평구 응암로16길 12-1 응암교회교육관 71-1,02-359-6744
응암정보도서관,"서울특별시 은평구 가좌로 179, 2층~3층",02-308-2320
정임도서관,서울특별시 은평구 통일로 951 서광교회 2층 ,02-387-0691
종이책갈피작은도서관,서울특별시 은평구 진관3로 67 912동 1층,02-353-4311~2(관리사무소)
증산정보도서관,서울특별시 은평구 증산로5길 6,02-307-6030
지웰작은도서관,서울특별시 은평구 은평구 진관4로 78-38(진관동) 1503동 지층,02-353-0911
지혜누리작은도서관,서울특별시 은평구 연서로44길 30  425동 2층,02-358-5935(관리소)
징검다리도서관,서울특별시 은평구 서오릉로 132 징검다리도서관 징검다리도서관,02-359-6507
책뜰에도서관,서울특별시 은평구 북한산로 2 은평뉴타운구파발 1023동 1층 1023동 1층,02-355-6893
청소년도서관작공,서울특별시 은평구 통일로 817 3층,070-7657-1533
청소년문화공간JU역촌동 작은도서관,서울특별시 은평구 역말로 14 3층 ,02-382-5652
초록길도서관,"서울특별시 은평구 연서로5길 28, 102동 1층(부호아파트) 58-9호",02-357-7279
큰꿈도서관,서울특별시 은평구 진관2로 57-37(은평뉴타운우물골) 244동 지하1층,02-354-1651
포수마을만화도서관,서울특별시 은평구 응암동 114-9 ,070-4963-5212
푸른작은도서관,서울특별시 은평구 연서로 455 제각말 537동 1층 ,02-359-1801
푸른풀밭작은도서관,서울특별시 은평구 은평로8길 18 창원빌딩 2층 ,070-4236-0699
한국고전번역원자료실,서울특별시 은평구 진관1로 85,02-350-4800
한국여성정책연구원자료실,서울특별시 은평구 진흥로 225 한국여성정책연구원 1층,02-3156-7195
한국행정연구원정보자료실,서울특별시 은평구 진흥로 235,02-2007-0556
해모로 꿈모락 작은도서관,서울특별시 은평구 응암로30길 15 백련산 해모로 커뮤니티센터,
행복 나눔 작은도서관,"서울특별시 은평구 갈현로31길 7, 3층 301호 ",
효경골마을문고,서울특별시 은평구 연서로27길 31-6(갈현2동주민센터) ,02-351-5125
(사)국민문화연구소 자료실,서울특별시 종로구 율곡로13가길 19-5,02-765-7651~2
4.19혁명기념도서관,서울특별시 종로구 새문안로 17,02-730-4190
KCDF아카이브센터,서울특별시 종로구 인사동11길 8 KCDF갤러리,02-733-9042
LG상남도서관,서울특별시 종로구 창덕궁1길 18(원서동 136),02-708-3700
강북삼성병원의학정보실,서울특별시 종로구 새문안로 29(평동) 강북삼성병원,02-2001-2795
경희궁자이3단지 작은도서관,서울특별시 종로구 경교장길 35 304동 지하1층,02-737-2101
교보생명 정보자료실,서울특별시 종로구 종로 1,
국립고궁박물관도서실,서울특별시 종로구 효자로 12 국립고궁박물관 도서실,02-3701-7531
국립민속박물관자료실,서울특별시 종로구 삼청로 37,02-3704-3270
국립현대미술관서울관디지털도서관,"서울특별시 종로구 삼청로 30, 국립현대미술관 서울관 2층",02-3701-9563
김&장법률사무소도서실,서울특별시 종로구 사직로8길 39 김&장법률사무소 내,02-3703-8592
꿈꾸는평창동작은도서관,서울특별시 종로구 평창문화로 65 평창동주민센터 2층 ,02-2148-5140
나무와열매어린이도서관,서울특별시 종로구 통일로 266(무악동) 2층 205호 ,02-736-3766
대한불교조계종중앙기록관,서울특별시 종로구 우정국로 55,02-2011-1712
도담도담한옥도서관,서울특별시 종로구 숭인동길 43  ,02-928-1133
두산아파트새마을문고,서울특별시 종로구 지봉로 5길 7 101동 관리실 맞은편,02-763-2852
라이브러리피치,"서울특별시 종로구 대학로10길 8 (동숭동), 리브랩 B1-2층",02-6949-0895
무악다솜방,서울특별시 종로구 통일로 14길 36 무악동주민센터2층 ,02-2148-5164
삼청공원숲속도서관,서울특별시 종로구 북촌로 134-3 삼청공원 내 ,02-734-3900
서울공예박물관 공예도서실,"서울특별시 종로구 율곡로3길 4, 전시1동 1층",02-6450-7171
서울보증보험전자도서관,서울특별시 종로구 김상옥로 29 보증보험빌딩 5층,02-3671-7519
서울역사박물관서울역사자료실,서울특별시 종로구 새문안로 55,02-724-0259
서울적십자병원 의학도서실,서울특별시 종로구 새문안로 9 외래본관 4층,02-2002-8787
서울지방경찰청 서경북카페(도서관),서울특별시 종로구 사직로8길 31 서울지방경찰청 본관 지하1층,02-700-6478
서울특별시교육청교육정보자료실,서울특별시 종로구 송월길 48 서울특별시교육청 별관 1층,02-3999-297
서울특별시교육청어린이도서관,서울특별시 종로구 사직로9길 7,02-731-2300
서울특별시교육청정독도서관,서울특별시 종로구 북촌로5길 48,02-2011-5799
서울특별시교육청종로도서관,서울특별시 종로구 사직로9길 15-14,02-721-0707
석천문화관,서울특별시 종로구 성균관로 17길 11 (명륜1가 4),02-762-3262
세종문화회관자료실,서울특별시 종로구 세종대로 175 세종문화회관 세종대극장 3층,02-399-1109
숭인마루작은도서관,서울특별시 종로구 지봉로 86 숭인1동주민센터 2층 ,02-2148-5496
아름꿈도서관,서울특별시 종로구 종로58가길 19,02-2237-6644
아시아평화와역사교육연대 자료실,서울특별시 종로구 혜화로 35 경주이씨화수회관 305,02-720-4637~9
어린이도서관꿈과쉼,서울특별시 종로구 삼청로 77 삼청감리교회 내 삼청교회 내,02-734-1094
어린이청소년 국학도서관,서울특별시 종로구 명륜길 26,02-747-8335~6
에듀 NGO 작은도서관,서울특별시 종로구 대학로 19 (연지동) 704호,02-742-8727
여성가족부자료실,서울특별시 종로구 세종대로 209,02-2100-6057
예능도서관,서울특별시 종로구 평창문화로 81-5 예능교회 내 예능교회,02-379-8855
외교부외교정책자료실,서울특별시 종로구 사직로8길 60,"02-2100-7276,7274"
우리소리도서관,서울특별시 종로구 삼일대로 30길 47 (종로1.2.3.4가동 주민센터 4~5층),070-4550-5015
이화마을작은도서관,서울특별시 종로구 이화장길 33 이화동주민센터 2층,02-2148-5309
작은도서관 뜰,"서울특별시 종로구 창경궁로 281, 3층",
작은도서관삼봉서랑,서울특별시 종로구 삼봉로 43 종로구청 본관 1층 본관1층 ,02-2148-3932
제3의시간,"서울특별시 종로구 대학로10길 8 (동숭동), 리브랩 3-5층",0507-1349-5449
종로 수어영상 도서관,서울특별시 종로구 대학로3길 14 4층,02-730-5563070-7947-0028(영상전화)
지혜만들기작은도서관,"서울특별시 종로구 종로35가길 19 종로5,6가동주민센터 3층 ",02-2148-5285
창이작은도서관,서울특별시 종로구 창신길62 창신2동주민센터 ,02-2148-5439
청운문학도서관,서울특별시 종로구 자하문로36길 40,070-4680-4032-3
청운효자동북카페,서울특별시 종로구 자하문로 92 청운효자동주민센터 2층 ,02-2148-5020
청파도서관,서울특별시 종로구 충신길 22 11-1,02-765-1511
통인어린이작은도서관,서울특별시 종로구 자하문로 13길 20  통인어린이작은도서관,02-739-8444
하늘폭포도서관,서울특별시 종로구 동망산길 47 ,070-8719-2525
학산도서관,서울특별시 종로구 평창 34길 11 (평창동),02-396-3916
한국금융연수원도서관,서울특별시 종로구 삼청로 118,02-3700-1536
한국사회과학도서관,서울특별시 종로구 인왕산로1길 25,02-767-9500
한국학생점자도서관,서울특별시 종로구 자하문로 131-1,02-880-0610
한글학회 국어학전문도서관,서울특별시 종로구 새문안로3길 7,02-738-2236~7
한식도서관,서울특별시 종로구 북촌로 18,02-6320-8472
현대건설 기술정보실,서울특별시 종로구 율곡로 75,02-746-3012
현대해상화재보험 도서실,서울특별시 종로구 세종대로 163,02-3701-8109
혜윰뜰 작은도서관,"서울특별시 종로구 통일로 246-20 무악현대아파트 104,204,304호",02-734-0422
혜화마을북카페,서울특별시 종로구 혜화로 12 혜화동 자치회관 4층 ,02-2148-5339
홍파랑북카페,서울특별시 종로구 송월길 154 교남동주민센터2층,02-2148-5197
SC제일은행도서실,"서울특별시 중구 남대문로 42, SC제일은행 제일지점 3층 SC러닝센터 도서실",02-779-6586
가온도서관,서울특별시 중구 동호로14길 18,02.2230-2921
공간종합건축사사무소 자료실,서울특별시 중구 퇴계로36가길 104,02-763-0771
광희동작은도서관,서울특별시 중구 퇴계로 303-9 광희동주민센터 2층 ,02-2261-3002
국가인권위원회인권도서관,서울특별시 중구 삼일대로 340 나라키움 저동빌딩 11층,02-2125-9680~3
국립극장공연예술자료실,"서울특별시 중구 장충단로 59 국립극장 공연예술박물관 1층(공연예술자료실 1), 해오름극장 4층(공연예술자료실 2)","02-2280-5827(자료실1), 4025~6(자료실 2)"
국립중앙의료원의학정보실,서울특별시 중구 을지로 245,02-2260-7055
남산타운어린이도서관,서울특별시 중구 다산로 32,02-2230-2941
농협중앙회도서실,서울특별시 중구 새문안로 16 농협중앙회 3층 도서실,02-2080-6137
다산동작은도서관,서울특별시 중구 동호로12길 89  ,02-2237-5893
다산성곽도서관,서울특별시 중구 동호로17길 173,02-2230-2965
대한상공회의소자료실,서울특별시 중구 세종대로 39 상공회의소 회관 내,02-6050-3449
덕수궁 롯데캐슬아파트 작은도서관,서울특별시 중구 서소문로9길 28 덕수궁 롯데캐슬 2층,02-779-8434
동산작은도서관,서울특별시 중구 다산로24길 73 재건동산교회 ,02-2234-0590
동화동작은도서관,서울특별시 중구 다산로36길 100 동화동주민센터 3층 ,02-2233-2626
디자인하우스(주)자료실,서울특별시 중구 동호로 310 태광빌딩 (주)디자인하우스,02-2262-7379
북소리,서울특별시 중구 수표로 27 중부경찰서 1층 ,02-3396-9124
생명윤리정책전문도서관,서울특별시 중구 남대문로 113(다동) 동부다동빌딩 5층 생명윤리정책 전문도서관,02-2100-6008
서울도서관,서울특별시 중구 세종대로 110 태평로1가,02-2133-0300
서울문화예술교육지원센터예술교육정보자료관,서울특별시 중구 소파로 138 남산예술교육센터 예술교육관,02-758-2036
서울시립미술관자료실,서울특별시 중구 덕수궁길 61,02-2124-8927
서울신문정보행정팀,서울특별시 중구 세종대로 124 (태평로1가),02-2000-9274
서울역센트럴자이아파트 작은도서관,"서울특별시 중구 만리재로 175, 서울역센트럴자이아파트 ",02-362-9951
서울청소년수련관도서실,서울특별시 중구 을지로11길 23 서울청소년수련관 8층,070-4268-4352
서울특별시교육연구정보원문헌정보실,서울특별시 중구 소파로 46 서울특별시교육연구정보원 9층,02-3111-224
서울특별시의회전문도서관,서울특별시 중구 덕수궁길 15 서울시의원회관 4층,02-3705-1426~7
손기정문화도서관,서울특별시 중구 손기정로 101-3,02-2230-2950
손기정어린이도서관,서울특별시 중구 손기정로 101,02-2230-2945
손기정작은도서관,서울특별시 중구 손기정로 101 손기정공원 손기정문화체육센터 ,02-2280-8455
신당5동작은도서관,서울특별시 중구 퇴계로 90길 42 경로당 2층 ,02-2253-4901
신당누리도서관,서울특별시 중구 다산로 33길 3 1층 ,02-2230-2960
신당동작은도서관,"서울특별시 중구 다산로 29길 10 신당1동 노인복지관 2,3층 ",02-2254-1212
약수동작은도서관,서울특별시 중구 동호로5길 19 중구 청소년수련관 1층  ,02-2232-8324
어린이도서관느티나무,서울특별시 중구 다산로 75 다니엘빌딩 2층 ,02-3298-0918
어울림도서관,서울특별시 중구 다산로38길 66-35,02-2230-2901
인제대학교서울백병원의학도서실,서울특별시 중구 마른내로 9 인제대학교 서울백병원 P동 5층 의학도서실,02-2270-0905
정동어린이도서관하늘씨앗,서울특별시 중구 정동길 46 정동제일교회 내,02-776-8762
정림건축종합건축사사무소 도서자료실,서울특별시 중구 세종대로12길 12,02-708-8600
제일병원의학도서실,서울특별시 중구 서애로1길 17 제일병원 본관 지하 2층,02-2000-7408
주한영국문화원 도서실,서울특별시 중구 서소문로11길 19,02-3701-0602
주한프랑스문화원미디어도서관,서울특별시 중구 칠패로 42 우리빌딩 18층,02-317-8565
중구청작은도서관,서울특별시 중구 창경궁로 17 중구청 별관4층 1층,02-3396-4003
중국복음선교회애화도서관,서울특별시 중구 정동길 8 중국복음교회 애화도서관,02-2778-3626
청구동작은도서관,서울특별시 중구 다산로24가길 23 동산 공영주차장 문화마당 1층 ,02-2234-8771
필동작은도서관,서울특별시 중구 필동로 11 구립 경로당 3층 ,02-2266-4005
한경직목사기념도서관,서울특별시 중구 수표로 33,02-2280-0293
한국교육과정평가원자료실,서울특별시 중구 정동길 21-15 정동빌딩 335호,02-3704-3705
한국교회사연구소도서관,서울특별시 중구 삼일대로 330 평화빌딩 3~4층,02-756-1691(401)
한국학생공공도서관대학문화원(구한국학생도서관),서울특별시 중구 동호로27길 30,02-2275-0753
황학동작은도서관,서울특별시 중구 난계로 11길 52 황학동 주민센터 3층 ,02-2233-3253
회현동작은도서관,서울특별시 중구 퇴계로 8길 46 회현동주민센터 2층 ,02-3396-6558
겸재작은도서관,서울특별시 중랑구 면목동 1031-22 ,070-4209-5183
금강펜테리움 작은도서관,서울특별시 중랑구 용마산로 136길 160 신내역 금강펜테리움 커뮤니티센터 1층,
꽃가람 작은도서관,서울특별시 중랑구 망우로32길 38 2층,02-433-4485
꿈꾸는 도서관,서울특별시 중랑구 신내로19길 42 2층,02-6458-2062
꿈꾸는 작은도서관(중랑),서울특별시 중랑구 봉우재로 203-1 3층,02-493-9013
꿈꾸는도서관,서울특별시 중랑구 신내로 19길 42(신내6단지신내아파트),02-6458-2062
늘품작은도서관,서울특별시 중랑구 신내로25길 40 1층,02-973-1572
다모아어린이도서관,서울특별시 중랑구 용마산로 370 3~5층,02-434-7727
데시앙책울터 작은도서관,서울특별시 중랑구 용마산로 669 커뮤니티센터 1층,070-8119-0013
"동성1,2차아파트문고",서울특별시 중랑구 신내로 126 1층,02-495-1630
동성3차아파트문고,서울특별시 중랑구 신내로 110 1층,02-494-5285
동일 작은도서관,서울특별시 중랑구 신내로15길 30 동일교회 1층,02-3423-0691
만나 작은도서관,서울특별시 중랑구 동일로 620 1층,02-438-9191
면목종합사회복지관 아름인도서관,서울특별시 중랑구 용마산로 228 3층,02-436-0500
브릿지 작은도서관,"서울특별시 중랑구 봉화산로56길 36 4, 5층",
사랑나눔 작은도서관,서울특별시 중랑구 용마산로136가길 6 지하1층,02-437-3533
새마을문고망우3동분회작은도서관,서울특별시 중랑구 겸재로61길 40 1층,02-2094-6524
새마을문고망우본동분회작은도서관,서울특별시 중랑구 망우로67길 10 3층,02-2094-6484
새마을문고면목2동분회작은도서관,서울특별시 중랑구 동일로101길 20-15 면목2동주민센터 2층,02-2094-6044
"새마을문고면목3,8동분회작은도서관","서울특별시 중랑구 사가정로51길 48 면목3,8동 주민센터 4층",02-2094-6084
새마을문고면목4동분회작은도서관,서울특별시 중랑구 면목로 246 면목4동주민센터 2층,02-2094-6124
새마을문고면목5동분회작은도서관,서울특별시 중랑구 동일로 619 면목5동복합청사 2층,02-2094-6164
새마을문고면목7동분회작은도서관,"서울특별시 중랑구 사가정로50길 91, 커뮤니티센터 2층",02-435-6201
새마을문고묵1동분회작은도서관,서울특별시 중랑구 공릉로2가길 5 묵1동주민센터 2층,02-2094-6404
새마을문고묵2동분회작은도서관,서울특별시 중랑구 동일로 847 묵2동주민센터,02-2094-6444
새마을문고상봉1동분회작은도서관,서울특별시 중랑구 상봉중앙로1길 6 상봉1동주민센터 2층,02-495-5494
새마을문고신내1동분회작은도서관,서울특별시 중랑구 용마산로129나길 35 신내1동주민센터 2층,02-2094-6564
새마을문고중화1동분회작은도서관,서울특별시 중랑구 동일로 134길 17 중화1동주민센터 2층,02-2094-6324
새마을문고중화2동분회작은도서관,서울특별시 중랑구 동일로129길 1 7층,02-2094-6364
새소망도서관,서울특별시 중랑구 용마산로 62길 43 용마동아아파트 상가동 203호,070-7583-0694
성원아파트문고,서울특별시 중랑구 신내로 51 성원아파트 1층,02-439-0198
세방도서관,"서울시 중랑구 숙선옹주로9길 25, 102동 606호(묵동, 세방아파트)",02-6238-9779
신내2동북카페,서울특별시 중랑구 봉화산로 190(신내동) 2층 관상복합청사 2층 관상복합청사,02-2094-6604
신내우디안1단지도담도담도서관,서울특별시 중랑구 신내역로1길 85(신내우디안1단지) 111동 1층 ,02-3421-9686
신내우디안2단지나무그늘작은도서관,서울특별시 중랑구 신내역로 165 신내우디안아파트 커뮤니티센터 1층,02-3421-1413
신내종합사회복지관맘편한공부방,"서울특별시 중랑구 봉화산로 153(상봉동, 신내12단지신내아파트) 3층 ",02-3421-3400
신내지혜담은도서관,서울특별시 중랑구 봉화산로 194 신아타운 4층 4층,02-3421-3939
신일도서관,서울특별시 중랑구 상봉로20길 77 신일교회 1층,02-6407-6355
양원숲속도서관,서울특별시 중랑구 송림길 172(망우동),02-432-0710
양원역 도서관,"서울특별시 중랑구 송림길147, 양원역사 1번출구  1층",
에셀나무 작은도서관,서울특별시 중랑구 망우로30길 30,
영지도서관,"서울특별시 중랑구 공릉로2가길 9(묵동) 영지교회 지하1층, 3층",02-977-0312
예광독서방,서울특별시 중랑구 면목로 78길 13 예광교회 1층,02-492-1752
장미작은도서관,서울특별시 중랑구 중랑천로 243,070-4209-4306
중랑구립면목정보도서관,서울특별시 중랑구 면목로 397(면목동),02-432-4123
중랑구립정보도서관,서울특별시 중랑구 신내로15길 197(묵동),02-490-9112~4
중랑상봉도서관,서울특별시 중랑구 동일로114길 10(상봉동),02-2209-0094
중랑숲어린이도서관,서울특별시 중랑구 망우로73길 46-1(망우동),02-6235-1150
중화 작은도서관,서울특별시 중랑구 면목로48길 66-6,02-556-3927
중화어린이도서관,서울특별시 중랑구 중랑역로3길 28 중화문화복지센터,02-2094-1846
참기쁨 작은도서관,서울특별시 중랑구 중랑역로 167 ,
책깨비도서관,서울특별시 중랑구 용마산로 250-12 용마폭포공원,070-4112-1843
책소리 작은도서관,서울특별시 중랑구 겸재로 138 2층,02-432-4752
초록도서관,서울특별시 중랑구 신내로17길 13 2층,02-3421-0603
한양수자인 사가정파크 작은도서관,서울특별시 중랑구 사가정로72길 26 104동 1층,02-496-9866
행복터작은도서관,"서울특별시 중랑구 답십리로81길 35, 샘터공원 내 안전커뮤니티센터",02-2094-6133
휴앤해피 작은도서관,서울특별시 중랑구 송림길4 3층,02-435-2151
